code;name;;en_name;de_desc;de_link;en_desc;en_link;de_syn;en_syn
GRGEMAKT-10101;Eisenstadt <10101>;;;;;;;;
GRGEMAKT-10201;Rust <10201>;;;;;;;;
GRGEMAKT-10301;Breitenbrunn am Neusiedler See <10301>;;;;;;;;
GRGEMAKT-10302;Donnerskirchen <10302>;;;;;;;;
GRGEMAKT-10303;Großhöflein <10303>;;;;;;;;
GRGEMAKT-10304;Hornstein <10304>;;;;;;;;
GRGEMAKT-10305;Klingenbach <10305>;;;;;;;;
GRGEMAKT-10306;Leithaprodersdorf <10306>;;;;;;;;
GRGEMAKT-10320;Loretto <10320>;;;;;;;;
GRGEMAKT-10307;Mörbisch am See <10307>;;;;;;;;
GRGEMAKT-10308;Müllendorf <10308>;;;;;;;;
GRGEMAKT-10309;Neufeld an der Leitha <10309>;;;;;;;;
GRGEMAKT-10310;Oggau am Neusiedler See <10310>;;;;;;;;
GRGEMAKT-10311;Oslip <10311>;;;;;;;;
GRGEMAKT-10312;Purbach am Neusiedler See <10312>;;;;;;;;
GRGEMAKT-10313;Sankt Margarethen im Burgenland <10313>;;;;;;;;
GRGEMAKT-10314;Schützen am Gebirge <10314>;;;;;;;;
GRGEMAKT-10315;Siegendorf <10315>;;;;;;;;
GRGEMAKT-10316;Steinbrunn <10316>;;;;;;;;
GRGEMAKT-10321;Stotzing <10321>;;;;;;;;
GRGEMAKT-10317;Trausdorf an der Wulka <10317>;;;;;;;;
GRGEMAKT-10318;Wimpassing an der Leitha <10318>;;;;;;;;
GRGEMAKT-10319;Wulkaprodersdorf <10319>;;;;;;;;
GRGEMAKT-10322;Zillingtal <10322>;;;;;;;;
GRGEMAKT-10323;Zagersdorf <10323>;;;;;;;;
GRGEMAKT-10426;Bildein <10426>;;;;;;;;
GRGEMAKT-10401;Bocksdorf <10401>;;;;;;;;
GRGEMAKT-10402;Burgauberg-Neudauberg <10402>;;;;;;;;
GRGEMAKT-10403;Eberau <10403>;;;;;;;;
GRGEMAKT-10404;Gerersdorf-Sulz <10404>;;;;;;;;
GRGEMAKT-10420;Großmürbisch <10420>;;;;;;;;
GRGEMAKT-10405;Güssing <10405>;;;;;;;;
GRGEMAKT-10406;Güttenbach <10406>;;;;;;;;
GRGEMAKT-10418;Hackerberg <10418>;;;;;;;;
GRGEMAKT-10407;Heiligenbrunn <10407>;;;;;;;;
GRGEMAKT-10424;Heugraben <10424>;;;;;;;;
GRGEMAKT-10421;Inzenhof <10421>;;;;;;;;
GRGEMAKT-10422;Kleinmürbisch <10422>;;;;;;;;
GRGEMAKT-10408;Kukmirn <10408>;;;;;;;;
GRGEMAKT-10428;Moschendorf <10428>;;;;;;;;
GRGEMAKT-10409;Neuberg im Burgenland <10409>;;;;;;;;
GRGEMAKT-10410;Neustift bei Güssing <10410>;;;;;;;;
GRGEMAKT-10411;Olbendorf <10411>;;;;;;;;
GRGEMAKT-10412;Ollersdorf im Burgenland <10412>;;;;;;;;
GRGEMAKT-10427;Rauchwart <10427>;;;;;;;;
GRGEMAKT-10425;Rohr im Burgenland <10425>;;;;;;;;
GRGEMAKT-10413;Sankt Michael im Burgenland <10413>;;;;;;;;
GRGEMAKT-10414;Stegersbach <10414>;;;;;;;;
GRGEMAKT-10415;Stinatz <10415>;;;;;;;;
GRGEMAKT-10416;Strem <10416>;;;;;;;;
GRGEMAKT-10417;Tobaj <10417>;;;;;;;;
GRGEMAKT-10423;Tschanigraben <10423>;;;;;;;;
GRGEMAKT-10419;Wörterberg <10419>;;;;;;;;
GRGEMAKT-10501;Deutsch Kaltenbrunn <10501>;;;;;;;;
GRGEMAKT-10502;Eltendorf <10502>;;;;;;;;
GRGEMAKT-10503;Heiligenkreuz im Lafnitztal <10503>;;;;;;;;
GRGEMAKT-10504;Jennersdorf <10504>;;;;;;;;
GRGEMAKT-10511;Königsdorf <10511>;;;;;;;;
GRGEMAKT-10505;Minihof-Liebau <10505>;;;;;;;;
GRGEMAKT-10506;Mogersdorf <10506>;;;;;;;;
GRGEMAKT-10512;Mühlgraben <10512>;;;;;;;;
GRGEMAKT-10507;Neuhaus am Klausenbach <10507>;;;;;;;;
GRGEMAKT-10508;Rudersdorf <10508>;;;;;;;;
GRGEMAKT-10509;Sankt Martin an der Raab <10509>;;;;;;;;
GRGEMAKT-10510;Weichselbaum <10510>;;;;;;;;
GRGEMAKT-10616;Antau <10616>;;;;;;;;
GRGEMAKT-10611;Bad Sauerbrunn <10611>;;;;;;;;
GRGEMAKT-10617;Baumgarten <10617>;;;;;;;;
GRGEMAKT-10601;Draßburg <10601>;;;;;;;;
GRGEMAKT-10602;Forchtenstein <10602>;;;;;;;;
GRGEMAKT-10603;Hirm <10603>;;;;;;;;
GRGEMAKT-10619;Krensdorf <10619>;;;;;;;;
GRGEMAKT-10604;Loipersbach im Burgenland <10604>;;;;;;;;
GRGEMAKT-10605;Marz <10605>;;;;;;;;
GRGEMAKT-10606;Mattersburg <10606>;;;;;;;;
GRGEMAKT-10607;Neudörfl <10607>;;;;;;;;
GRGEMAKT-10608;Pöttelsdorf <10608>;;;;;;;;
GRGEMAKT-10609;Pöttsching <10609>;;;;;;;;
GRGEMAKT-10610;Rohrbach bei Mattersburg <10610>;;;;;;;;
GRGEMAKT-10612;Schattendorf <10612>;;;;;;;;
GRGEMAKT-10613;Sieggraben <10613>;;;;;;;;
GRGEMAKT-10614;Sigleß <10614>;;;;;;;;
GRGEMAKT-10615;Wiesen <10615>;;;;;;;;
GRGEMAKT-10618;Zemendorf-Stöttera <10618>;;;;;;;;
GRGEMAKT-10701;Andau <10701>;;;;;;;;
GRGEMAKT-10702;Apetlon <10702>;;;;;;;;
GRGEMAKT-10703;Bruckneudorf <10703>;;;;;;;;
GRGEMAKT-10704;Deutsch Jahrndorf <10704>;;;;;;;;
GRGEMAKT-10727;Edelstal <10727>;;;;;;;;
GRGEMAKT-10705;Frauenkirchen <10705>;;;;;;;;
GRGEMAKT-10706;Gattendorf <10706>;;;;;;;;
GRGEMAKT-10707;Gols <10707>;;;;;;;;
GRGEMAKT-10708;Halbturn <10708>;;;;;;;;
GRGEMAKT-10709;Illmitz <10709>;;;;;;;;
GRGEMAKT-10710;Jois <10710>;;;;;;;;
GRGEMAKT-10711;Kittsee <10711>;;;;;;;;
GRGEMAKT-10712;Mönchhof <10712>;;;;;;;;
GRGEMAKT-10725;Neudorf <10725>;;;;;;;;
GRGEMAKT-10713;Neusiedl am See <10713>;;;;;;;;
GRGEMAKT-10714;Nickelsdorf <10714>;;;;;;;;
GRGEMAKT-10715;Pama <10715>;;;;;;;;
GRGEMAKT-10716;Pamhagen <10716>;;;;;;;;
GRGEMAKT-10717;Parndorf <10717>;;;;;;;;
GRGEMAKT-10718;Podersdorf am See <10718>;;;;;;;;
GRGEMAKT-10726;Potzneusiedl <10726>;;;;;;;;
GRGEMAKT-10719;Sankt Andrä am Zicksee <10719>;;;;;;;;
GRGEMAKT-10720;Tadten <10720>;;;;;;;;
GRGEMAKT-10721;Wallern im Burgenland <10721>;;;;;;;;
GRGEMAKT-10722;Weiden am See <10722>;;;;;;;;
GRGEMAKT-10723;Winden am See <10723>;;;;;;;;
GRGEMAKT-10724;Zurndorf <10724>;;;;;;;;
GRGEMAKT-10801;Deutschkreutz <10801>;;;;;;;;
GRGEMAKT-10802;Draßmarkt <10802>;;;;;;;;
GRGEMAKT-10803;Frankenau-Unterpullendorf <10803>;;;;;;;;
GRGEMAKT-10804;Großwarasdorf <10804>;;;;;;;;
GRGEMAKT-10805;Horitschon <10805>;;;;;;;;
GRGEMAKT-10806;Kaisersdorf <10806>;;;;;;;;
GRGEMAKT-10807;Kobersdorf <10807>;;;;;;;;
GRGEMAKT-10808;Lackenbach <10808>;;;;;;;;
GRGEMAKT-10824;Lackendorf <10824>;;;;;;;;
GRGEMAKT-10809;Lockenhaus <10809>;;;;;;;;
GRGEMAKT-10810;Lutzmannsburg <10810>;;;;;;;;
GRGEMAKT-10811;Mannersdorf an der Rabnitz <10811>;;;;;;;;
GRGEMAKT-10812;Markt Sankt Martin <10812>;;;;;;;;
GRGEMAKT-10813;Neckenmarkt <10813>;;;;;;;;
GRGEMAKT-10814;Neutal <10814>;;;;;;;;
GRGEMAKT-10815;Nikitsch <10815>;;;;;;;;
GRGEMAKT-10828;Oberloisdorf <10828>;;;;;;;;
GRGEMAKT-10816;Oberpullendorf <10816>;;;;;;;;
GRGEMAKT-10817;Pilgersdorf <10817>;;;;;;;;
GRGEMAKT-10818;Piringsdorf <10818>;;;;;;;;
GRGEMAKT-10819;Raiding <10819>;;;;;;;;
GRGEMAKT-10820;Ritzing <10820>;;;;;;;;
GRGEMAKT-10821;Steinberg-Dörfl <10821>;;;;;;;;
GRGEMAKT-10822;Stoob <10822>;;;;;;;;
GRGEMAKT-10825;Unterfrauenhaid <10825>;;;;;;;;
GRGEMAKT-10826;Unterrabnitz-Schwendgraben <10826>;;;;;;;;
GRGEMAKT-10827;Weingraben <10827>;;;;;;;;
GRGEMAKT-10823;Weppersdorf <10823>;;;;;;;;
GRGEMAKT-10901;Bad Tatzmannsdorf <10901>;;;;;;;;
GRGEMAKT-10931;Badersdorf <10931>;;;;;;;;
GRGEMAKT-10902;Bernstein <10902>;;;;;;;;
GRGEMAKT-10903;Deutsch Schützen-Eisenberg <10903>;;;;;;;;
GRGEMAKT-10904;Grafenschachen <10904>;;;;;;;;
GRGEMAKT-10905;Großpetersdorf <10905>;;;;;;;;
GRGEMAKT-10906;Hannersdorf <10906>;;;;;;;;
GRGEMAKT-10930;Jabing <10930>;;;;;;;;
GRGEMAKT-10907;Kemeten <10907>;;;;;;;;
GRGEMAKT-10908;Kohfidisch <10908>;;;;;;;;
GRGEMAKT-10909;Litzelsdorf <10909>;;;;;;;;
GRGEMAKT-10910;Loipersdorf-Kitzladen <10910>;;;;;;;;
GRGEMAKT-10911;Mariasdorf <10911>;;;;;;;;
GRGEMAKT-10912;Markt Allhau <10912>;;;;;;;;
GRGEMAKT-10913;Markt Neuhodis <10913>;;;;;;;;
GRGEMAKT-10914;Mischendorf <10914>;;;;;;;;
GRGEMAKT-10929;Neustift an der Lafnitz <10929>;;;;;;;;
GRGEMAKT-10915;Oberdorf im Burgenland <10915>;;;;;;;;
GRGEMAKT-10916;Oberschützen <10916>;;;;;;;;
GRGEMAKT-10917;Oberwart <10917>;;;;;;;;
GRGEMAKT-10918;Pinkafeld <10918>;;;;;;;;
GRGEMAKT-10919;Rechnitz <10919>;;;;;;;;
GRGEMAKT-10920;Riedlingsdorf <10920>;;;;;;;;
GRGEMAKT-10921;Rotenturm an der Pinka <10921>;;;;;;;;
GRGEMAKT-10922;Schachendorf <10922>;;;;;;;;
GRGEMAKT-10932;Schandorf <10932>;;;;;;;;
GRGEMAKT-10923;Stadtschlaining <10923>;;;;;;;;
GRGEMAKT-10924;Unterkohlstätten <10924>;;;;;;;;
GRGEMAKT-10925;Unterwart <10925>;;;;;;;;
GRGEMAKT-10926;Weiden bei Rechnitz <10926>;;;;;;;;
GRGEMAKT-10927;Wiesfleck <10927>;;;;;;;;
GRGEMAKT-10928;Wolfau <10928>;;;;;;;;
GRGEMAKT-20101;Klagenfurt am Wörthersee <20101>;;;;;;;;
GRGEMAKT-20201;Villach <20201>;;;;;;;;
GRGEMAKT-20302;Dellach <20302>;;;;;;;;
GRGEMAKT-20320;Gitschtal <20320>;;;;;;;;
GRGEMAKT-20305;Hermagor-Pressegger See <20305>;;;;;;;;
GRGEMAKT-20306;Kirchbach <20306>;;;;;;;;
GRGEMAKT-20307;Kötschach-Mauthen <20307>;;;;;;;;
GRGEMAKT-20321;Lesachtal <20321>;;;;;;;;
GRGEMAKT-20316;Sankt Stefan im Gailtal <20316>;;;;;;;;
GRGEMAKT-20402;Ebenthal in Kärnten <20402>;;;;;;;;
GRGEMAKT-20403;Feistritz im Rosental <20403>;;;;;;;;
GRGEMAKT-20405;Ferlach <20405>;;;;;;;;
GRGEMAKT-20409;Grafenstein <20409>;;;;;;;;
GRGEMAKT-20412;Keutschach am See <20412>;;;;;;;;
GRGEMAKT-20414;Köttmannsdorf <20414>;;;;;;;;
GRGEMAKT-20415;Krumpendorf am Wörther See <20415>;;;;;;;;
GRGEMAKT-20416;Ludmannsdorf <20416>;;;;;;;;
GRGEMAKT-20442;Magdalensberg <20442>;;;;;;;;
GRGEMAKT-20417;Maria Rain <20417>;;;;;;;;
GRGEMAKT-20418;Maria Saal <20418>;;;;;;;;
GRGEMAKT-20419;Maria Wörth <20419>;;;;;;;;
GRGEMAKT-20421;Moosburg <20421>;;;;;;;;
GRGEMAKT-20425;Poggersdorf <20425>;;;;;;;;
GRGEMAKT-20424;Pörtschach am Wörther See <20424>;;;;;;;;
GRGEMAKT-20428;Sankt Margareten im Rosental <20428>;;;;;;;;
GRGEMAKT-20432;Schiefling am Wörthersee <20432>;;;;;;;;
GRGEMAKT-20435;Techelsberg am Wörther See <20435>;;;;;;;;
GRGEMAKT-20441;Zell <20441>;;;;;;;;
GRGEMAKT-20501;Althofen <20501>;;;;;;;;
GRGEMAKT-20502;Brückl <20502>;;;;;;;;
GRGEMAKT-20503;Deutsch-Griffen <20503>;;;;;;;;
GRGEMAKT-20504;Eberstein <20504>;;;;;;;;
GRGEMAKT-20505;Friesach <20505>;;;;;;;;
GRGEMAKT-20506;Glödnitz <20506>;;;;;;;;
GRGEMAKT-20508;Gurk <20508>;;;;;;;;
GRGEMAKT-20509;Guttaring <20509>;;;;;;;;
GRGEMAKT-20511;Hüttenberg <20511>;;;;;;;;
GRGEMAKT-20512;Kappel am Krappfeld <20512>;;;;;;;;
GRGEMAKT-20513;Klein Sankt Paul <20513>;;;;;;;;
GRGEMAKT-20515;Liebenfels <20515>;;;;;;;;
GRGEMAKT-20518;Metnitz <20518>;;;;;;;;
GRGEMAKT-20519;Micheldorf <20519>;;;;;;;;
GRGEMAKT-20520;Mölbling <20520>;;;;;;;;
GRGEMAKT-20523;Sankt Georgen am Längsee <20523>;;;;;;;;
GRGEMAKT-20527;Sankt Veit an der Glan <20527>;;;;;;;;
GRGEMAKT-20530;Straßburg <20530>;;;;;;;;
GRGEMAKT-20531;Weitensfeld im Gurktal <20531>;;;;;;;;
GRGEMAKT-20534;Frauenstein <20534>;;;;;;;;
GRGEMAKT-20601;Bad Kleinkirchheim <20601>;;;;;;;;
GRGEMAKT-20602;Baldramsdorf <20602>;;;;;;;;
GRGEMAKT-20603;Berg im Drautal <20603>;;;;;;;;
GRGEMAKT-20604;Dellach im Drautal <20604>;;;;;;;;
GRGEMAKT-20607;Flattach <20607>;;;;;;;;
GRGEMAKT-20608;Gmünd in Kärnten <20608>;;;;;;;;
GRGEMAKT-20609;Greifenburg <20609>;;;;;;;;
GRGEMAKT-20605;Großkirchheim <20605>;;;;;;;;
GRGEMAKT-20610;Heiligenblut am Großglockner <20610>;;;;;;;;
GRGEMAKT-20611;Irschen <20611>;;;;;;;;
GRGEMAKT-20613;Kleblach-Lind <20613>;;;;;;;;
GRGEMAKT-20642;Krems in Kärnten <20642>;;;;;;;;
GRGEMAKT-20616;Lendorf <20616>;;;;;;;;
GRGEMAKT-20643;Lurnfeld <20643>;;;;;;;;
GRGEMAKT-20618;Mallnitz <20618>;;;;;;;;
GRGEMAKT-20619;Malta <20619>;;;;;;;;
GRGEMAKT-20620;Millstatt <20620>;;;;;;;;
GRGEMAKT-20622;Mörtschach <20622>;;;;;;;;
GRGEMAKT-20624;Mühldorf <20624>;;;;;;;;
GRGEMAKT-20625;Oberdrauburg <20625>;;;;;;;;
GRGEMAKT-20627;Obervellach <20627>;;;;;;;;
GRGEMAKT-20630;Radenthein <20630>;;;;;;;;
GRGEMAKT-20631;Rangersdorf <20631>;;;;;;;;
GRGEMAKT-20644;Reißeck <20644>;;;;;;;;
GRGEMAKT-20632;Rennweg am Katschberg <20632>;;;;;;;;
GRGEMAKT-20633;Sachsenburg <20633>;;;;;;;;
GRGEMAKT-20634;Seeboden am Millstätter See <20634>;;;;;;;;
GRGEMAKT-20635;Spittal an der Drau <20635>;;;;;;;;
GRGEMAKT-20636;Stall <20636>;;;;;;;;
GRGEMAKT-20637;Steinfeld <20637>;;;;;;;;
GRGEMAKT-20638;Trebesing <20638>;;;;;;;;
GRGEMAKT-20639;Weißensee <20639>;;;;;;;;
GRGEMAKT-20640;Winklern <20640>;;;;;;;;
GRGEMAKT-20701;Afritz am See <20701>;;;;;;;;
GRGEMAKT-20702;Arnoldstein <20702>;;;;;;;;
GRGEMAKT-20703;Arriach <20703>;;;;;;;;
GRGEMAKT-20705;Bad Bleiberg <20705>;;;;;;;;
GRGEMAKT-20707;Feistritz an der Gail <20707>;;;;;;;;
GRGEMAKT-20708;Feld am See <20708>;;;;;;;;
GRGEMAKT-20710;Ferndorf <20710>;;;;;;;;
GRGEMAKT-20711;Finkenstein am Faaker See <20711>;;;;;;;;
GRGEMAKT-20712;Fresach <20712>;;;;;;;;
GRGEMAKT-20713;Hohenthurn <20713>;;;;;;;;
GRGEMAKT-20719;Nötsch im Gailtal <20719>;;;;;;;;
GRGEMAKT-20720;Paternion <20720>;;;;;;;;
GRGEMAKT-20721;Rosegg <20721>;;;;;;;;
GRGEMAKT-20722;Sankt Jakob im Rosental <20722>;;;;;;;;
GRGEMAKT-20723;Stockenboi <20723>;;;;;;;;
GRGEMAKT-20724;Treffen am Ossiacher See <20724>;;;;;;;;
GRGEMAKT-20725;Velden am Wörther See <20725>;;;;;;;;
GRGEMAKT-20726;Weißenstein <20726>;;;;;;;;
GRGEMAKT-20727;Wernberg <20727>;;;;;;;;
GRGEMAKT-20801;Bleiburg <20801>;;;;;;;;
GRGEMAKT-20802;Diex <20802>;;;;;;;;
GRGEMAKT-20803;Eberndorf <20803>;;;;;;;;
GRGEMAKT-20804;Eisenkappel-Vellach <20804>;;;;;;;;
GRGEMAKT-20805;Feistritz ob Bleiburg <20805>;;;;;;;;
GRGEMAKT-20806;Gallizien <20806>;;;;;;;;
GRGEMAKT-20807;Globasnitz <20807>;;;;;;;;
GRGEMAKT-20808;Griffen <20808>;;;;;;;;
GRGEMAKT-20810;Neuhaus <20810>;;;;;;;;
GRGEMAKT-20812;Ruden <20812>;;;;;;;;
GRGEMAKT-20813;Sankt Kanzian am Klopeiner See <20813>;;;;;;;;
GRGEMAKT-20815;Sittersdorf <20815>;;;;;;;;
GRGEMAKT-20817;Völkermarkt <20817>;;;;;;;;
GRGEMAKT-20901;Bad Sankt Leonhard im Lavanttal <20901>;;;;;;;;
GRGEMAKT-20905;Frantschach-Sankt Gertraud <20905>;;;;;;;;
GRGEMAKT-20909;Lavamünd <20909>;;;;;;;;
GRGEMAKT-20911;Preitenegg <20911>;;;;;;;;
GRGEMAKT-20912;Reichenfels <20912>;;;;;;;;
GRGEMAKT-20913;Sankt Andrä <20913>;;;;;;;;
GRGEMAKT-20914;Sankt Georgen im Lavanttal <20914>;;;;;;;;
GRGEMAKT-20918;Sankt Paul im Lavanttal <20918>;;;;;;;;
GRGEMAKT-20923;Wolfsberg <20923>;;;;;;;;
GRGEMAKT-21001;Albeck <21001>;;;;;;;;
GRGEMAKT-21002;Feldkirchen in Kärnten <21002>;;;;;;;;
GRGEMAKT-21003;Glanegg <21003>;;;;;;;;
GRGEMAKT-21004;Gnesau <21004>;;;;;;;;
GRGEMAKT-21005;Himmelberg <21005>;;;;;;;;
GRGEMAKT-21006;Ossiach <21006>;;;;;;;;
GRGEMAKT-21007;Reichenau <21007>;;;;;;;;
GRGEMAKT-21008;Sankt Urban <21008>;;;;;;;;
GRGEMAKT-21009;Steindorf am Ossiacher See <21009>;;;;;;;;
GRGEMAKT-21010;Steuerberg <21010>;;;;;;;;
GRGEMAKT-30101;Krems an der Donau <30101>;;;;;;;;
GRGEMAKT-30201;Sankt Pölten <30201>;;;;;;;;
GRGEMAKT-30301;Waidhofen an der Ybbs <30301>;;;;;;;;
GRGEMAKT-30401;Wiener Neustadt <30401>;;;;;;;;
GRGEMAKT-30501;Allhartsberg <30501>;;;;;;;;
GRGEMAKT-30502;Amstetten <30502>;;;;;;;;
GRGEMAKT-30503;Ardagger <30503>;;;;;;;;
GRGEMAKT-30504;Aschbach-Markt <30504>;;;;;;;;
GRGEMAKT-30506;Behamberg <30506>;;;;;;;;
GRGEMAKT-30507;Biberbach <30507>;;;;;;;;
GRGEMAKT-30508;Ennsdorf <30508>;;;;;;;;
GRGEMAKT-30509;Ernsthofen <30509>;;;;;;;;
GRGEMAKT-30510;Ertl <30510>;;;;;;;;
GRGEMAKT-30511;Euratsfeld <30511>;;;;;;;;
GRGEMAKT-30512;Ferschnitz <30512>;;;;;;;;
GRGEMAKT-30514;Haag <30514>;;;;;;;;
GRGEMAKT-30515;Haidershofen <30515>;;;;;;;;
GRGEMAKT-30516;Hollenstein an der Ybbs <30516>;;;;;;;;
GRGEMAKT-30517;Kematen an der Ybbs <30517>;;;;;;;;
GRGEMAKT-30520;Neuhofen an der Ybbs <30520>;;;;;;;;
GRGEMAKT-30521;Neustadtl an der Donau <30521>;;;;;;;;
GRGEMAKT-30522;Oed-Oehling <30522>;;;;;;;;
GRGEMAKT-30524;Opponitz <30524>;;;;;;;;
GRGEMAKT-30526;Sankt Georgen am Reith <30526>;;;;;;;;
GRGEMAKT-30527;Sankt Georgen am Ybbsfelde <30527>;;;;;;;;
GRGEMAKT-30529;Sankt Pantaleon-Erla <30529>;;;;;;;;
GRGEMAKT-30530;Sankt Peter in der Au <30530>;;;;;;;;
GRGEMAKT-30531;Sankt Valentin <30531>;;;;;;;;
GRGEMAKT-30532;Seitenstetten <30532>;;;;;;;;
GRGEMAKT-30533;Sonntagberg <30533>;;;;;;;;
GRGEMAKT-30534;Strengberg <30534>;;;;;;;;
GRGEMAKT-30536;Viehdorf <30536>;;;;;;;;
GRGEMAKT-30538;Wallsee-Sindelburg <30538>;;;;;;;;
GRGEMAKT-30539;Weistrach <30539>;;;;;;;;
GRGEMAKT-30541;Winklarn <30541>;;;;;;;;
GRGEMAKT-30542;Wolfsbach <30542>;;;;;;;;
GRGEMAKT-30543;Ybbsitz <30543>;;;;;;;;
GRGEMAKT-30544;Zeillern <30544>;;;;;;;;
GRGEMAKT-30601;Alland <30601>;;;;;;;;
GRGEMAKT-30602;Altenmarkt an der Triesting <30602>;;;;;;;;
GRGEMAKT-30603;Bad Vöslau <30603>;;;;;;;;
GRGEMAKT-30604;Baden <30604>;;;;;;;;
GRGEMAKT-30605;Berndorf <30605>;;;;;;;;
GRGEMAKT-30646;Blumau-Neurißhof <30646>;;;;;;;;
GRGEMAKT-30607;Ebreichsdorf <30607>;;;;;;;;
GRGEMAKT-30608;Enzesfeld-Lindabrunn <30608>;;;;;;;;
GRGEMAKT-30609;Furth an der Triesting <30609>;;;;;;;;
GRGEMAKT-30612;Günselsdorf <30612>;;;;;;;;
GRGEMAKT-30613;Heiligenkreuz <30613>;;;;;;;;
GRGEMAKT-30614;Hernstein <30614>;;;;;;;;
GRGEMAKT-30615;Hirtenberg <30615>;;;;;;;;
GRGEMAKT-30616;Klausen-Leopoldsdorf <30616>;;;;;;;;
GRGEMAKT-30618;Kottingbrunn <30618>;;;;;;;;
GRGEMAKT-30620;Leobersdorf <30620>;;;;;;;;
GRGEMAKT-30621;Mitterndorf an der Fischa <30621>;;;;;;;;
GRGEMAKT-30623;Oberwaltersdorf <30623>;;;;;;;;
GRGEMAKT-30625;Pfaffstätten <30625>;;;;;;;;
GRGEMAKT-30626;Pottendorf <30626>;;;;;;;;
GRGEMAKT-30627;Pottenstein <30627>;;;;;;;;
GRGEMAKT-30629;Reisenberg <30629>;;;;;;;;
GRGEMAKT-30631;Schönau an der Triesting <30631>;;;;;;;;
GRGEMAKT-30633;Seibersdorf <30633>;;;;;;;;
GRGEMAKT-30635;Sooß <30635>;;;;;;;;
GRGEMAKT-30636;Tattendorf <30636>;;;;;;;;
GRGEMAKT-30637;Teesdorf <30637>;;;;;;;;
GRGEMAKT-30639;Traiskirchen <30639>;;;;;;;;
GRGEMAKT-30641;Trumau <30641>;;;;;;;;
GRGEMAKT-30645;Weissenbach an der Triesting <30645>;;;;;;;;
GRGEMAKT-30701;Au am Leithaberge <30701>;;;;;;;;
GRGEMAKT-30702;Bad Deutsch-Altenburg <30702>;;;;;;;;
GRGEMAKT-30703;Berg <30703>;;;;;;;;
GRGEMAKT-30704;Bruck an der Leitha <30704>;;;;;;;;
GRGEMAKT-30729;Ebergassing <30729>;;;;;;;;
GRGEMAKT-30706;Enzersdorf an der Fischa <30706>;;;;;;;;
GRGEMAKT-30730;Fischamend <30730>;;;;;;;;
GRGEMAKT-30708;Göttlesbrunn-Arbesthal <30708>;;;;;;;;
GRGEMAKT-30709;Götzendorf an der Leitha <30709>;;;;;;;;
GRGEMAKT-30731;Gramatneusiedl <30731>;;;;;;;;
GRGEMAKT-30710;Hainburg a.d.Donau <30710>;;;;;;;;
GRGEMAKT-30711;Haslau-Maria Ellend <30711>;;;;;;;;
GRGEMAKT-30732;Himberg <30732>;;;;;;;;
GRGEMAKT-30713;Hof am Leithaberge <30713>;;;;;;;;
GRGEMAKT-30712;Höflein <30712>;;;;;;;;
GRGEMAKT-30715;Hundsheim <30715>;;;;;;;;
GRGEMAKT-30733;Klein-Neusiedl <30733>;;;;;;;;
GRGEMAKT-30734;Lanzendorf <30734>;;;;;;;;
GRGEMAKT-30735;Leopoldsdorf <30735>;;;;;;;;
GRGEMAKT-30716;Mannersdorf am Leithagebirge <30716>;;;;;;;;
GRGEMAKT-30736;Maria-Lanzendorf <30736>;;;;;;;;
GRGEMAKT-30737;Moosbrunn <30737>;;;;;;;;
GRGEMAKT-30718;Petronell-Carnuntum <30718>;;;;;;;;
GRGEMAKT-30719;Prellenkirchen <30719>;;;;;;;;
GRGEMAKT-30738;Rauchenwarth <30738>;;;;;;;;
GRGEMAKT-30721;Rohrau <30721>;;;;;;;;
GRGEMAKT-30722;Scharndorf <30722>;;;;;;;;
GRGEMAKT-30739;Schwadorf <30739>;;;;;;;;
GRGEMAKT-30740;Schwechat <30740>;;;;;;;;
GRGEMAKT-30724;Sommerein <30724>;;;;;;;;
GRGEMAKT-30726;Trautmannsdorf an der Leitha <30726>;;;;;;;;
GRGEMAKT-30728;Wolfsthal <30728>;;;;;;;;
GRGEMAKT-30741;Zwölfaxing <30741>;;;;;;;;
GRGEMAKT-30801;Aderklaa <30801>;;;;;;;;
GRGEMAKT-30802;Andlersdorf <30802>;;;;;;;;
GRGEMAKT-30803;Angern an der March <30803>;;;;;;;;
GRGEMAKT-30804;Auersthal <30804>;;;;;;;;
GRGEMAKT-30805;Bad Pirawarth <30805>;;;;;;;;
GRGEMAKT-30808;Deutsch-Wagram <30808>;;;;;;;;
GRGEMAKT-30810;Drösing <30810>;;;;;;;;
GRGEMAKT-30811;Dürnkrut <30811>;;;;;;;;
GRGEMAKT-30812;Ebenthal <30812>;;;;;;;;
GRGEMAKT-30813;Eckartsau <30813>;;;;;;;;
GRGEMAKT-30814;Engelhartstetten <30814>;;;;;;;;
GRGEMAKT-30817;Gänserndorf <30817>;;;;;;;;
GRGEMAKT-30819;Glinzendorf <30819>;;;;;;;;
GRGEMAKT-30821;Groß-Enzersdorf <30821>;;;;;;;;
GRGEMAKT-30822;Großhofen <30822>;;;;;;;;
GRGEMAKT-30824;Groß-Schweinbarth <30824>;;;;;;;;
GRGEMAKT-30825;Haringsee <30825>;;;;;;;;
GRGEMAKT-30826;Hauskirchen <30826>;;;;;;;;
GRGEMAKT-30827;Hohenau an der March <30827>;;;;;;;;
GRGEMAKT-30828;Hohenruppersdorf <30828>;;;;;;;;
GRGEMAKT-30829;Jedenspeigen <30829>;;;;;;;;
GRGEMAKT-30830;Lassee <30830>;;;;;;;;
GRGEMAKT-30831;Leopoldsdorf im Marchfelde <30831>;;;;;;;;
GRGEMAKT-30834;Mannsdorf an der Donau <30834>;;;;;;;;
GRGEMAKT-30835;Marchegg <30835>;;;;;;;;
GRGEMAKT-30836;Markgrafneusiedl <30836>;;;;;;;;
GRGEMAKT-30838;Matzen-Raggendorf <30838>;;;;;;;;
GRGEMAKT-30841;Neusiedl an der Zaya <30841>;;;;;;;;
GRGEMAKT-30842;Obersiebenbrunn <30842>;;;;;;;;
GRGEMAKT-30844;Orth an der Donau <30844>;;;;;;;;
GRGEMAKT-30845;Palterndorf-Dobermannsdorf <30845>;;;;;;;;
GRGEMAKT-30846;Parbasdorf <30846>;;;;;;;;
GRGEMAKT-30848;Prottes <30848>;;;;;;;;
GRGEMAKT-30849;Raasdorf <30849>;;;;;;;;
GRGEMAKT-30850;Ringelsdorf-Niederabsdorf <30850>;;;;;;;;
GRGEMAKT-30852;Schönkirchen-Reyersdorf <30852>;;;;;;;;
GRGEMAKT-30854;Spannberg <30854>;;;;;;;;
GRGEMAKT-30856;Strasshof an der Nordbahn <30856>;;;;;;;;
GRGEMAKT-30857;Sulz im Weinviertel <30857>;;;;;;;;
GRGEMAKT-30858;Untersiebenbrunn <30858>;;;;;;;;
GRGEMAKT-30859;Velm-Götzendorf <30859>;;;;;;;;
GRGEMAKT-30865;Weiden an der March <30865>;;;;;;;;
GRGEMAKT-30860;Weikendorf <30860>;;;;;;;;
GRGEMAKT-30863;Zistersdorf <30863>;;;;;;;;
GRGEMAKT-30902;Amaliendorf-Aalfang <30902>;;;;;;;;
GRGEMAKT-30910;Bad Großpertholz <30910>;;;;;;;;
GRGEMAKT-30903;Brand-Nagelberg <30903>;;;;;;;;
GRGEMAKT-30904;Eggern <30904>;;;;;;;;
GRGEMAKT-30906;Eisgarn <30906>;;;;;;;;
GRGEMAKT-30908;Gmünd <30908>;;;;;;;;
GRGEMAKT-30909;Großdietmanns <30909>;;;;;;;;
GRGEMAKT-30912;Großschönau <30912>;;;;;;;;
GRGEMAKT-30915;Haugschlag <30915>;;;;;;;;
GRGEMAKT-30916;Heidenreichstein <30916>;;;;;;;;
GRGEMAKT-30917;Hirschbach <30917>;;;;;;;;
GRGEMAKT-30920;Hoheneich <30920>;;;;;;;;
GRGEMAKT-30921;Kirchberg am Walde <30921>;;;;;;;;
GRGEMAKT-30925;Litschau <30925>;;;;;;;;
GRGEMAKT-30913;Moorbad Harbach <30913>;;;;;;;;
GRGEMAKT-30929;Reingers <30929>;;;;;;;;
GRGEMAKT-30932;Sankt Martin <30932>;;;;;;;;
GRGEMAKT-30935;Schrems <30935>;;;;;;;;
GRGEMAKT-30939;Unserfrau-Altweitra <30939>;;;;;;;;
GRGEMAKT-30940;Waldenstein <30940>;;;;;;;;
GRGEMAKT-30942;Weitra <30942>;;;;;;;;
GRGEMAKT-31001;Alberndorf im Pulkautal <31001>;;;;;;;;
GRGEMAKT-31008;Göllersdorf <31008>;;;;;;;;
GRGEMAKT-31009;Grabern <31009>;;;;;;;;
GRGEMAKT-31014;Guntersdorf <31014>;;;;;;;;
GRGEMAKT-31015;Hadres <31015>;;;;;;;;
GRGEMAKT-31016;Hardegg <31016>;;;;;;;;
GRGEMAKT-31018;Haugsdorf <31018>;;;;;;;;
GRGEMAKT-31019;Heldenberg <31019>;;;;;;;;
GRGEMAKT-31021;Hohenwarth-Mühlbach a.M. <31021>;;;;;;;;
GRGEMAKT-31022;Hollabrunn <31022>;;;;;;;;
GRGEMAKT-31025;Mailberg <31025>;;;;;;;;
GRGEMAKT-31026;Maissau <31026>;;;;;;;;
GRGEMAKT-31028;Nappersdorf-Kammersdorf <31028>;;;;;;;;
GRGEMAKT-31033;Pernersdorf <31033>;;;;;;;;
GRGEMAKT-31035;Pulkau <31035>;;;;;;;;
GRGEMAKT-31036;Ravelsbach <31036>;;;;;;;;
GRGEMAKT-31037;Retz <31037>;;;;;;;;
GRGEMAKT-31038;Retzbach <31038>;;;;;;;;
GRGEMAKT-31041;Schrattenthal <31041>;;;;;;;;
GRGEMAKT-31042;Seefeld-Kadolz <31042>;;;;;;;;
GRGEMAKT-31043;Sitzendorf an der Schmida <31043>;;;;;;;;
GRGEMAKT-31051;Wullersdorf <31051>;;;;;;;;
GRGEMAKT-31052;Zellerndorf <31052>;;;;;;;;
GRGEMAKT-31053;Ziersdorf <31053>;;;;;;;;
GRGEMAKT-31101;Altenburg <31101>;;;;;;;;
GRGEMAKT-31102;Brunn an der Wild <31102>;;;;;;;;
GRGEMAKT-31103;Burgschleinitz-Kühnring <31103>;;;;;;;;
GRGEMAKT-31104;Drosendorf-Zissersdorf <31104>;;;;;;;;
GRGEMAKT-31105;Eggenburg <31105>;;;;;;;;
GRGEMAKT-31106;Gars am Kamp <31106>;;;;;;;;
GRGEMAKT-31107;Geras <31107>;;;;;;;;
GRGEMAKT-31109;Horn <31109>;;;;;;;;
GRGEMAKT-31110;Irnfritz-Messern <31110>;;;;;;;;
GRGEMAKT-31111;Japons <31111>;;;;;;;;
GRGEMAKT-31113;Langau <31113>;;;;;;;;
GRGEMAKT-31114;Meiseldorf <31114>;;;;;;;;
GRGEMAKT-31117;Pernegg <31117>;;;;;;;;
GRGEMAKT-31119;Röhrenbach <31119>;;;;;;;;
GRGEMAKT-31120;Röschitz <31120>;;;;;;;;
GRGEMAKT-31121;Rosenburg-Mold <31121>;;;;;;;;
GRGEMAKT-31123;Sankt Bernhard-Frauenhofen <31123>;;;;;;;;
GRGEMAKT-31124;Sigmundsherberg <31124>;;;;;;;;
GRGEMAKT-31130;Straning-Grafenberg <31130>;;;;;;;;
GRGEMAKT-31129;Weitersfeld <31129>;;;;;;;;
GRGEMAKT-31201;Bisamberg <31201>;;;;;;;;
GRGEMAKT-31202;Enzersfeld im Weinviertel <31202>;;;;;;;;
GRGEMAKT-31203;Ernstbrunn <31203>;;;;;;;;
GRGEMAKT-31235;Gerasdorf bei Wien <31235>;;;;;;;;
GRGEMAKT-31204;Großmugl <31204>;;;;;;;;
GRGEMAKT-31205;Großrußbach <31205>;;;;;;;;
GRGEMAKT-31206;Hagenbrunn <31206>;;;;;;;;
GRGEMAKT-31207;Harmannsdorf <31207>;;;;;;;;
GRGEMAKT-31208;Hausleiten <31208>;;;;;;;;
GRGEMAKT-31213;Korneuburg <31213>;;;;;;;;
GRGEMAKT-31214;Langenzersdorf <31214>;;;;;;;;
GRGEMAKT-31215;Leitzersdorf <31215>;;;;;;;;
GRGEMAKT-31216;Leobendorf <31216>;;;;;;;;
GRGEMAKT-31234;Niederhollabrunn <31234>;;;;;;;;
GRGEMAKT-31224;Rußbach <31224>;;;;;;;;
GRGEMAKT-31226;Sierndorf <31226>;;;;;;;;
GRGEMAKT-31227;Spillern <31227>;;;;;;;;
GRGEMAKT-31228;Stetteldorf am Wagram <31228>;;;;;;;;
GRGEMAKT-31229;Stetten <31229>;;;;;;;;
GRGEMAKT-31230;Stockerau <31230>;;;;;;;;
GRGEMAKT-31301;Aggsbach <31301>;;;;;;;;
GRGEMAKT-31302;Albrechtsberg an der Großen Krems <31302>;;;;;;;;
GRGEMAKT-31303;Bergern im Dunkelsteinerwald <31303>;;;;;;;;
GRGEMAKT-31356;Droß <31356>;;;;;;;;
GRGEMAKT-31304;Dürnstein <31304>;;;;;;;;
GRGEMAKT-31309;Furth bei Göttweig <31309>;;;;;;;;
GRGEMAKT-31310;Gedersdorf <31310>;;;;;;;;
GRGEMAKT-31311;Gföhl <31311>;;;;;;;;
GRGEMAKT-31308;Grafenegg <31308>;;;;;;;;
GRGEMAKT-31315;Hadersdorf-Kammern <31315>;;;;;;;;
GRGEMAKT-31319;Jaidhof <31319>;;;;;;;;
GRGEMAKT-31321;Krumau am Kamp <31321>;;;;;;;;
GRGEMAKT-31322;Langenlois <31322>;;;;;;;;
GRGEMAKT-31323;Lengenfeld <31323>;;;;;;;;
GRGEMAKT-31324;Lichtenau im Waldviertel <31324>;;;;;;;;
GRGEMAKT-31326;Maria Laach am Jauerling <31326>;;;;;;;;
GRGEMAKT-31327;Mautern an der Donau <31327>;;;;;;;;
GRGEMAKT-31330;Mühldorf <31330>;;;;;;;;
GRGEMAKT-31333;Paudorf <31333>;;;;;;;;
GRGEMAKT-31336;Rastenfeld <31336>;;;;;;;;
GRGEMAKT-31337;Rohrendorf bei Krems <31337>;;;;;;;;
GRGEMAKT-31338;Rossatz-Arnsdorf <31338>;;;;;;;;
GRGEMAKT-31340;Sankt Leonhard am Hornerwald <31340>;;;;;;;;
GRGEMAKT-31355;Schönberg am Kamp <31355>;;;;;;;;
GRGEMAKT-31343;Senftenberg <31343>;;;;;;;;
GRGEMAKT-31344;Spitz <31344>;;;;;;;;
GRGEMAKT-31346;Straß im Straßertale <31346>;;;;;;;;
GRGEMAKT-31347;Stratzing <31347>;;;;;;;;
GRGEMAKT-31350;Weinzierl am Walde <31350>;;;;;;;;
GRGEMAKT-31351;Weißenkirchen in der Wachau <31351>;;;;;;;;
GRGEMAKT-31401;Annaberg <31401>;;;;;;;;
GRGEMAKT-31402;Eschenau <31402>;;;;;;;;
GRGEMAKT-31403;Hainfeld <31403>;;;;;;;;
GRGEMAKT-31404;Hohenberg <31404>;;;;;;;;
GRGEMAKT-31405;Kaumberg <31405>;;;;;;;;
GRGEMAKT-31406;Kleinzell <31406>;;;;;;;;
GRGEMAKT-31407;Lilienfeld <31407>;;;;;;;;
GRGEMAKT-31408;Mitterbach am Erlaufsee <31408>;;;;;;;;
GRGEMAKT-31409;Ramsau <31409>;;;;;;;;
GRGEMAKT-31410;Rohrbach an der Gölsen <31410>;;;;;;;;
GRGEMAKT-31411;Sankt Aegyd am Neuwalde <31411>;;;;;;;;
GRGEMAKT-31412;Sankt Veit an der Gölsen <31412>;;;;;;;;
GRGEMAKT-31413;Traisen <31413>;;;;;;;;
GRGEMAKT-31414;Türnitz <31414>;;;;;;;;
GRGEMAKT-31502;Artstetten-Pöbring <31502>;;;;;;;;
GRGEMAKT-31503;Bergland <31503>;;;;;;;;
GRGEMAKT-31504;Bischofstetten <31504>;;;;;;;;
GRGEMAKT-31505;Blindenmarkt <31505>;;;;;;;;
GRGEMAKT-31506;Dorfstetten <31506>;;;;;;;;
GRGEMAKT-31507;Dunkelsteinerwald <31507>;;;;;;;;
GRGEMAKT-31553;Emmersdorf an der Donau <31553>;;;;;;;;
GRGEMAKT-31508;Erlauf <31508>;;;;;;;;
GRGEMAKT-31509;Golling an der Erlauf <31509>;;;;;;;;
GRGEMAKT-31511;Hofamt Priel <31511>;;;;;;;;
GRGEMAKT-31513;Hürm <31513>;;;;;;;;
GRGEMAKT-31514;Kilb <31514>;;;;;;;;
GRGEMAKT-31515;Kirnberg an der Mank <31515>;;;;;;;;
GRGEMAKT-31516;Klein-Pöchlarn <31516>;;;;;;;;
GRGEMAKT-31517;Krummnußbaum <31517>;;;;;;;;
GRGEMAKT-31519;Leiben <31519>;;;;;;;;
GRGEMAKT-31520;Loosdorf <31520>;;;;;;;;
GRGEMAKT-31521;Mank <31521>;;;;;;;;
GRGEMAKT-31522;Marbach an der Donau <31522>;;;;;;;;
GRGEMAKT-31523;Maria Taferl <31523>;;;;;;;;
GRGEMAKT-31524;Melk <31524>;;;;;;;;
GRGEMAKT-31525;Münichreith-Laimbach <31525>;;;;;;;;
GRGEMAKT-31527;Neumarkt an der Ybbs <31527>;;;;;;;;
GRGEMAKT-31528;Nöchling <31528>;;;;;;;;
GRGEMAKT-31530;Persenbeug-Gottsdorf <31530>;;;;;;;;
GRGEMAKT-31531;Petzenkirchen <31531>;;;;;;;;
GRGEMAKT-31533;Pöchlarn <31533>;;;;;;;;
GRGEMAKT-31534;Pöggstall <31534>;;;;;;;;
GRGEMAKT-31535;Raxendorf <31535>;;;;;;;;
GRGEMAKT-31537;Ruprechtshofen <31537>;;;;;;;;
GRGEMAKT-31539;Sankt Leonhard am Forst <31539>;;;;;;;;
GRGEMAKT-31540;Sankt Martin-Karlsbach <31540>;;;;;;;;
GRGEMAKT-31541;Sankt Oswald <31541>;;;;;;;;
GRGEMAKT-31543;Schollach <31543>;;;;;;;;
GRGEMAKT-31542;Schönbühel-Aggsbach <31542>;;;;;;;;
GRGEMAKT-31551;Texingtal <31551>;;;;;;;;
GRGEMAKT-31546;Weiten <31546>;;;;;;;;
GRGEMAKT-31549;Ybbs an der Donau <31549>;;;;;;;;
GRGEMAKT-31552;Yspertal <31552>;;;;;;;;
GRGEMAKT-31550;Zelking-Matzleinsdorf <31550>;;;;;;;;
GRGEMAKT-31601;Altlichtenwarth <31601>;;;;;;;;
GRGEMAKT-31603;Asparn an der Zaya <31603>;;;;;;;;
GRGEMAKT-31604;Bernhardsthal <31604>;;;;;;;;
GRGEMAKT-31605;Bockfließ <31605>;;;;;;;;
GRGEMAKT-31606;Drasenhofen <31606>;;;;;;;;
GRGEMAKT-31608;Falkenstein <31608>;;;;;;;;
GRGEMAKT-31609;Fallbach <31609>;;;;;;;;
GRGEMAKT-31611;Gaubitsch <31611>;;;;;;;;
GRGEMAKT-31612;Gaweinstal <31612>;;;;;;;;
GRGEMAKT-31613;Gnadendorf <31613>;;;;;;;;
GRGEMAKT-31614;Großebersdorf <31614>;;;;;;;;
GRGEMAKT-31615;Großengersdorf <31615>;;;;;;;;
GRGEMAKT-31616;Großharras <31616>;;;;;;;;
GRGEMAKT-31617;Großkrut <31617>;;;;;;;;
GRGEMAKT-31620;Hausbrunn <31620>;;;;;;;;
GRGEMAKT-31621;Herrnbaumgarten <31621>;;;;;;;;
GRGEMAKT-31622;Hochleithen <31622>;;;;;;;;
GRGEMAKT-31627;Kreuttal <31627>;;;;;;;;
GRGEMAKT-31628;Kreuzstetten <31628>;;;;;;;;
GRGEMAKT-31629;Laa an der Thaya <31629>;;;;;;;;
GRGEMAKT-31630;Ladendorf <31630>;;;;;;;;
GRGEMAKT-31633;Mistelbach <31633>;;;;;;;;
GRGEMAKT-31634;Neudorf bei Staatz <31634>;;;;;;;;
GRGEMAKT-31636;Niederleis <31636>;;;;;;;;
GRGEMAKT-31658;Ottenthal <31658>;;;;;;;;
GRGEMAKT-31642;Pillichsdorf <31642>;;;;;;;;
GRGEMAKT-31644;Poysdorf <31644>;;;;;;;;
GRGEMAKT-31645;Rabensburg <31645>;;;;;;;;
GRGEMAKT-31646;Schrattenberg <31646>;;;;;;;;
GRGEMAKT-31649;Staatz <31649>;;;;;;;;
GRGEMAKT-31650;Stronsdorf <31650>;;;;;;;;
GRGEMAKT-31651;Ulrichskirchen-Schleinbach <31651>;;;;;;;;
GRGEMAKT-31652;Unterstinkenbrunn <31652>;;;;;;;;
GRGEMAKT-31653;Wildendürnbach <31653>;;;;;;;;
GRGEMAKT-31654;Wilfersdorf <31654>;;;;;;;;
GRGEMAKT-31655;Wolkersdorf im Weinviertel <31655>;;;;;;;;
GRGEMAKT-31701;Achau <31701>;;;;;;;;
GRGEMAKT-31702;Biedermannsdorf <31702>;;;;;;;;
GRGEMAKT-31703;Breitenfurt bei Wien <31703>;;;;;;;;
GRGEMAKT-31704;Brunn am Gebirge <31704>;;;;;;;;
GRGEMAKT-31706;Gaaden <31706>;;;;;;;;
GRGEMAKT-31707;Gießhübl <31707>;;;;;;;;
GRGEMAKT-31709;Gumpoldskirchen <31709>;;;;;;;;
GRGEMAKT-31710;Guntramsdorf <31710>;;;;;;;;
GRGEMAKT-31711;Hennersdorf <31711>;;;;;;;;
GRGEMAKT-31712;Hinterbrühl <31712>;;;;;;;;
GRGEMAKT-31713;Kaltenleutgeben <31713>;;;;;;;;
GRGEMAKT-31714;Laab im Walde <31714>;;;;;;;;
GRGEMAKT-31715;Laxenburg <31715>;;;;;;;;
GRGEMAKT-31716;Maria Enzersdorf <31716>;;;;;;;;
GRGEMAKT-31717;Mödling <31717>;;;;;;;;
GRGEMAKT-31718;Münchendorf <31718>;;;;;;;;
GRGEMAKT-31719;Perchtoldsdorf <31719>;;;;;;;;
GRGEMAKT-31723;Vösendorf <31723>;;;;;;;;
GRGEMAKT-31725;Wiener Neudorf <31725>;;;;;;;;
GRGEMAKT-31726;Wienerwald <31726>;;;;;;;;
GRGEMAKT-31801;Altendorf <31801>;;;;;;;;
GRGEMAKT-31803;Aspangberg-Sankt Peter <31803>;;;;;;;;
GRGEMAKT-31802;Aspang-Markt <31802>;;;;;;;;
GRGEMAKT-31804;Breitenau <31804>;;;;;;;;
GRGEMAKT-31805;Breitenstein <31805>;;;;;;;;
GRGEMAKT-31806;Buchbach <31806>;;;;;;;;
GRGEMAKT-31842;Bürg-Vöstenhof <31842>;;;;;;;;
GRGEMAKT-31807;Edlitz <31807>;;;;;;;;
GRGEMAKT-31808;Enzenreith <31808>;;;;;;;;
GRGEMAKT-31809;Feistritz am Wechsel <31809>;;;;;;;;
GRGEMAKT-31810;Gloggnitz <31810>;;;;;;;;
GRGEMAKT-31811;Grafenbach-Sankt Valentin <31811>;;;;;;;;
GRGEMAKT-31812;Grimmenstein <31812>;;;;;;;;
GRGEMAKT-31813;Grünbach am Schneeberg <31813>;;;;;;;;
GRGEMAKT-31849;Höflein an der Hohen Wand <31849>;;;;;;;;
GRGEMAKT-31814;Kirchberg am Wechsel <31814>;;;;;;;;
GRGEMAKT-31815;Mönichkirchen <31815>;;;;;;;;
GRGEMAKT-31817;Natschbach-Loipersbach <31817>;;;;;;;;
GRGEMAKT-31818;Neunkirchen <31818>;;;;;;;;
GRGEMAKT-31820;Otterthal <31820>;;;;;;;;
GRGEMAKT-31821;Payerbach <31821>;;;;;;;;
GRGEMAKT-31823;Pitten <31823>;;;;;;;;
GRGEMAKT-31825;Prigglitz <31825>;;;;;;;;
GRGEMAKT-31826;Puchberg am Schneeberg <31826>;;;;;;;;
GRGEMAKT-31827;Raach am Hochgebirge <31827>;;;;;;;;
GRGEMAKT-31829;Reichenau an der Rax <31829>;;;;;;;;
GRGEMAKT-31830;Sankt Corona am Wechsel <31830>;;;;;;;;
GRGEMAKT-31831;Sankt Egyden am Steinfeld <31831>;;;;;;;;
GRGEMAKT-31832;Scheiblingkirchen-Thernberg <31832>;;;;;;;;
GRGEMAKT-31833;Schottwien <31833>;;;;;;;;
GRGEMAKT-31834;Schrattenbach <31834>;;;;;;;;
GRGEMAKT-31835;Schwarzau am Steinfeld <31835>;;;;;;;;
GRGEMAKT-31836;Schwarzau im Gebirge <31836>;;;;;;;;
GRGEMAKT-31837;Seebenstein <31837>;;;;;;;;
GRGEMAKT-31838;Semmering <31838>;;;;;;;;
GRGEMAKT-31839;Ternitz <31839>;;;;;;;;
GRGEMAKT-31840;Thomasberg <31840>;;;;;;;;
GRGEMAKT-31841;Trattenbach <31841>;;;;;;;;
GRGEMAKT-31843;Warth <31843>;;;;;;;;
GRGEMAKT-31844;Wartmannstetten <31844>;;;;;;;;
GRGEMAKT-31845;Willendorf <31845>;;;;;;;;
GRGEMAKT-31846;Wimpassing im Schwarzatale <31846>;;;;;;;;
GRGEMAKT-31847;Würflach <31847>;;;;;;;;
GRGEMAKT-31848;Zöbern <31848>;;;;;;;;
GRGEMAKT-31901;Altlengbach <31901>;;;;;;;;
GRGEMAKT-31902;Asperhofen <31902>;;;;;;;;
GRGEMAKT-31903;Böheimkirchen <31903>;;;;;;;;
GRGEMAKT-31904;Brand-Laaben <31904>;;;;;;;;
GRGEMAKT-31905;Eichgraben <31905>;;;;;;;;
GRGEMAKT-31906;Frankenfels <31906>;;;;;;;;
GRGEMAKT-31949;Gablitz <31949>;;;;;;;;
GRGEMAKT-31907;Gerersdorf <31907>;;;;;;;;
GRGEMAKT-31910;Hafnerbach <31910>;;;;;;;;
GRGEMAKT-31911;Haunoldstein <31911>;;;;;;;;
GRGEMAKT-31912;Herzogenburg <31912>;;;;;;;;
GRGEMAKT-31909;Hofstetten-Grünau <31909>;;;;;;;;
GRGEMAKT-31913;Inzersdorf-Getzersdorf <31913>;;;;;;;;
GRGEMAKT-31915;Kapelln <31915>;;;;;;;;
GRGEMAKT-31916;Karlstetten <31916>;;;;;;;;
GRGEMAKT-31917;Kasten bei Böheimkirchen <31917>;;;;;;;;
GRGEMAKT-31918;Kirchberg an der Pielach <31918>;;;;;;;;
GRGEMAKT-31919;Kirchstetten <31919>;;;;;;;;
GRGEMAKT-31920;Loich <31920>;;;;;;;;
GRGEMAKT-31921;Maria-Anzbach <31921>;;;;;;;;
GRGEMAKT-31922;Markersdorf-Haindorf <31922>;;;;;;;;
GRGEMAKT-31950;Mauerbach <31950>;;;;;;;;
GRGEMAKT-31923;Michelbach <31923>;;;;;;;;
GRGEMAKT-31925;Neidling <31925>;;;;;;;;
GRGEMAKT-31926;Neulengbach <31926>;;;;;;;;
GRGEMAKT-31927;Neustift-Innermanzing <31927>;;;;;;;;
GRGEMAKT-31928;Nußdorf ob der Traisen <31928>;;;;;;;;
GRGEMAKT-31929;Ober-Grafendorf <31929>;;;;;;;;
GRGEMAKT-31930;Obritzberg-Rust <31930>;;;;;;;;
GRGEMAKT-31951;Pressbaum <31951>;;;;;;;;
GRGEMAKT-31932;Prinzersdorf <31932>;;;;;;;;
GRGEMAKT-31952;Purkersdorf <31952>;;;;;;;;
GRGEMAKT-31934;Pyhra <31934>;;;;;;;;
GRGEMAKT-31935;Rabenstein an der Pielach <31935>;;;;;;;;
GRGEMAKT-31938;Sankt Margarethen an der Sierning <31938>;;;;;;;;
GRGEMAKT-31939;Schwarzenbach an der Pielach <31939>;;;;;;;;
GRGEMAKT-31940;Statzendorf <31940>;;;;;;;;
GRGEMAKT-31941;Stössing <31941>;;;;;;;;
GRGEMAKT-31943;Traismauer <31943>;;;;;;;;
GRGEMAKT-31953;Tullnerbach <31953>;;;;;;;;
GRGEMAKT-31945;Weinburg <31945>;;;;;;;;
GRGEMAKT-31946;Weißenkirchen an der Perschling <31946>;;;;;;;;
GRGEMAKT-31947;Wilhelmsburg <31947>;;;;;;;;
GRGEMAKT-31948;Wölbling <31948>;;;;;;;;
GRGEMAKT-31954;Wolfsgraben <31954>;;;;;;;;
GRGEMAKT-32001;Gaming <32001>;;;;;;;;
GRGEMAKT-32002;Göstling an der Ybbs <32002>;;;;;;;;
GRGEMAKT-32003;Gresten <32003>;;;;;;;;
GRGEMAKT-32004;Gresten-Land <32004>;;;;;;;;
GRGEMAKT-32005;Lunz am See <32005>;;;;;;;;
GRGEMAKT-32006;Oberndorf an der Melk <32006>;;;;;;;;
GRGEMAKT-32007;Puchenstuben <32007>;;;;;;;;
GRGEMAKT-32008;Purgstall an der Erlauf <32008>;;;;;;;;
GRGEMAKT-32009;Randegg <32009>;;;;;;;;
GRGEMAKT-32010;Reinsberg <32010>;;;;;;;;
GRGEMAKT-32011;Sankt Anton an der Jeßnitz <32011>;;;;;;;;
GRGEMAKT-32012;Sankt Georgen an der Leys <32012>;;;;;;;;
GRGEMAKT-32013;Scheibbs <32013>;;;;;;;;
GRGEMAKT-32014;Steinakirchen am Forst <32014>;;;;;;;;
GRGEMAKT-32015;Wang <32015>;;;;;;;;
GRGEMAKT-32016;Wieselburg <32016>;;;;;;;;
GRGEMAKT-32017;Wieselburg-Land <32017>;;;;;;;;
GRGEMAKT-32018;Wolfpassing <32018>;;;;;;;;
GRGEMAKT-32101;Absdorf <32101>;;;;;;;;
GRGEMAKT-32104;Atzenbrugg <32104>;;;;;;;;
GRGEMAKT-32106;Fels am Wagram <32106>;;;;;;;;
GRGEMAKT-32107;Grafenwörth <32107>;;;;;;;;
GRGEMAKT-32109;Großriedenthal <32109>;;;;;;;;
GRGEMAKT-32110;Großweikersdorf <32110>;;;;;;;;
GRGEMAKT-32112;Judenau-Baumgarten <32112>;;;;;;;;
GRGEMAKT-32114;Kirchberg am Wagram <32114>;;;;;;;;
GRGEMAKT-32144;Klosterneuburg <32144>;;;;;;;;
GRGEMAKT-32115;Königsbrunn am Wagram <32115>;;;;;;;;
GRGEMAKT-32116;Königstetten <32116>;;;;;;;;
GRGEMAKT-32119;Langenrohr <32119>;;;;;;;;
GRGEMAKT-32120;Michelhausen <32120>;;;;;;;;
GRGEMAKT-32143;Muckendorf-Wipfing <32143>;;;;;;;;
GRGEMAKT-32142;Sankt Andrä-Wördern <32142>;;;;;;;;
GRGEMAKT-32131;Sieghartskirchen <32131>;;;;;;;;
GRGEMAKT-32132;Sitzenberg-Reidling <32132>;;;;;;;;
GRGEMAKT-32134;Tulbing <32134>;;;;;;;;
GRGEMAKT-32135;Tulln an der Donau <32135>;;;;;;;;
GRGEMAKT-32139;Würmla <32139>;;;;;;;;
GRGEMAKT-32140;Zeiselmauer-Wolfpassing <32140>;;;;;;;;
GRGEMAKT-32141;Zwentendorf an der Donau <32141>;;;;;;;;
GRGEMAKT-32202;Dietmanns <32202>;;;;;;;;
GRGEMAKT-32203;Dobersberg <32203>;;;;;;;;
GRGEMAKT-32206;Gastern <32206>;;;;;;;;
GRGEMAKT-32207;Groß-Siegharts <32207>;;;;;;;;
GRGEMAKT-32209;Karlstein an der Thaya <32209>;;;;;;;;
GRGEMAKT-32210;Kautzen <32210>;;;;;;;;
GRGEMAKT-32212;Ludweis-Aigen <32212>;;;;;;;;
GRGEMAKT-32214;Pfaffenschlag bei Waidhofen a.d.Thaya<32214>;;;;;;;;
GRGEMAKT-32216;Raabs an der Thaya <32216>;;;;;;;;
GRGEMAKT-32217;Thaya <32217>;;;;;;;;
GRGEMAKT-32219;Vitis <32219>;;;;;;;;
GRGEMAKT-32220;Waidhofen an der Thaya <32220>;;;;;;;;
GRGEMAKT-32221;Waidhofen an der Thaya-Land <32221>;;;;;;;;
GRGEMAKT-32222;Waldkirchen an der Thaya <32222>;;;;;;;;
GRGEMAKT-32223;Windigsteig <32223>;;;;;;;;
GRGEMAKT-32306;Bad Erlach <32306>;;;;;;;;
GRGEMAKT-32301;Bad Fischau-Brunn <32301>;;;;;;;;
GRGEMAKT-32302;Bad Schönau <32302>;;;;;;;;
GRGEMAKT-32325;Bromberg <32325>;;;;;;;;
GRGEMAKT-32304;Ebenfurth <32304>;;;;;;;;
GRGEMAKT-32305;Eggendorf <32305>;;;;;;;;
GRGEMAKT-32307;Felixdorf <32307>;;;;;;;;
GRGEMAKT-32308;Gutenstein <32308>;;;;;;;;
GRGEMAKT-32309;Hochneukirchen-Gschaidt <32309>;;;;;;;;
GRGEMAKT-32310;Hochwolkersdorf <32310>;;;;;;;;
GRGEMAKT-32311;Hohe Wand <32311>;;;;;;;;
GRGEMAKT-32312;Hollenthon <32312>;;;;;;;;
GRGEMAKT-32313;Katzelsdorf <32313>;;;;;;;;
GRGEMAKT-32314;Kirchschlag in der Buckligen Welt <32314>;;;;;;;;
GRGEMAKT-32315;Krumbach <32315>;;;;;;;;
GRGEMAKT-32316;Lanzenkirchen <32316>;;;;;;;;
GRGEMAKT-32317;Lichtenegg <32317>;;;;;;;;
GRGEMAKT-32318;Lichtenwörth <32318>;;;;;;;;
GRGEMAKT-32319;Markt Piesting <32319>;;;;;;;;
GRGEMAKT-32320;Matzendorf-Hölles <32320>;;;;;;;;
GRGEMAKT-32321;Miesenbach <32321>;;;;;;;;
GRGEMAKT-32322;Muggendorf <32322>;;;;;;;;
GRGEMAKT-32323;Pernitz <32323>;;;;;;;;
GRGEMAKT-32324;Rohr im Gebirge <32324>;;;;;;;;
GRGEMAKT-32326;Schwarzenbach <32326>;;;;;;;;
GRGEMAKT-32327;Sollenau <32327>;;;;;;;;
GRGEMAKT-32330;Theresienfeld <32330>;;;;;;;;
GRGEMAKT-32331;Waidmannsfeld <32331>;;;;;;;;
GRGEMAKT-32332;Waldegg <32332>;;;;;;;;
GRGEMAKT-32333;Walpersbach <32333>;;;;;;;;
GRGEMAKT-32334;Weikersdorf am Steinfelde <32334>;;;;;;;;
GRGEMAKT-32335;Wiesmath <32335>;;;;;;;;
GRGEMAKT-32336;Winzendorf-Muthmannsdorf <32336>;;;;;;;;
GRGEMAKT-32337;Wöllersdorf-Steinabrückl <32337>;;;;;;;;
GRGEMAKT-32338;Zillingdorf <32338>;;;;;;;;
GRGEMAKT-32501;Allentsteig <32501>;;;;;;;;
GRGEMAKT-32519;Altmelon <32519>;;;;;;;;
GRGEMAKT-32502;Arbesbach <32502>;;;;;;;;
GRGEMAKT-32528;Bad Traunstein <32528>;;;;;;;;
GRGEMAKT-32503;Bärnkopf <32503>;;;;;;;;
GRGEMAKT-32504;Echsenbach <32504>;;;;;;;;
GRGEMAKT-32505;Göpfritz an der Wild <32505>;;;;;;;;
GRGEMAKT-32506;Grafenschlag <32506>;;;;;;;;
GRGEMAKT-32508;Groß Gerungs <32508>;;;;;;;;
GRGEMAKT-32509;Großgöttfritz <32509>;;;;;;;;
GRGEMAKT-32511;Gutenbrunn <32511>;;;;;;;;
GRGEMAKT-32514;Kirchschlag <32514>;;;;;;;;
GRGEMAKT-32515;Kottes-Purk <32515>;;;;;;;;
GRGEMAKT-32516;Langschlag <32516>;;;;;;;;
GRGEMAKT-32517;Martinsberg <32517>;;;;;;;;
GRGEMAKT-32518;Ottenschlag <32518>;;;;;;;;
GRGEMAKT-32520;Pölla <32520>;;;;;;;;
GRGEMAKT-32521;Rappottenstein <32521>;;;;;;;;
GRGEMAKT-32522;Sallingberg <32522>;;;;;;;;
GRGEMAKT-32523;Schönbach <32523>;;;;;;;;
GRGEMAKT-32524;Schwarzenau <32524>;;;;;;;;
GRGEMAKT-32525;Schweiggers <32525>;;;;;;;;
GRGEMAKT-32529;Waldhausen <32529>;;;;;;;;
GRGEMAKT-32530;Zwettl-Niederösterreich <32530>;;;;;;;;
GRGEMAKT-40101;Linz <40101>;;;;;;;;
GRGEMAKT-40201;Steyr <40201>;;;;;;;;
GRGEMAKT-40301;Wels <40301>;;;;;;;;
GRGEMAKT-40401;Altheim <40401>;;;;;;;;
GRGEMAKT-40402;Aspach <40402>;;;;;;;;
GRGEMAKT-40403;Auerbach <40403>;;;;;;;;
GRGEMAKT-40404;Braunau am Inn <40404>;;;;;;;;
GRGEMAKT-40405;Burgkirchen <40405>;;;;;;;;
GRGEMAKT-40406;Eggelsberg <40406>;;;;;;;;
GRGEMAKT-40407;Feldkirchen bei Mattighofen <40407>;;;;;;;;
GRGEMAKT-40408;Franking <40408>;;;;;;;;
GRGEMAKT-40409;Geretsberg <40409>;;;;;;;;
GRGEMAKT-40410;Gilgenberg am Weilhart <40410>;;;;;;;;
GRGEMAKT-40411;Haigermoos <40411>;;;;;;;;
GRGEMAKT-40412;Handenberg <40412>;;;;;;;;
GRGEMAKT-40413;Helpfau-Uttendorf <40413>;;;;;;;;
GRGEMAKT-40414;Hochburg-Ach <40414>;;;;;;;;
GRGEMAKT-40415;Höhnhart <40415>;;;;;;;;
GRGEMAKT-40416;Jeging <40416>;;;;;;;;
GRGEMAKT-40417;Kirchberg bei Mattighofen <40417>;;;;;;;;
GRGEMAKT-40418;Lengau <40418>;;;;;;;;
GRGEMAKT-40419;Lochen <40419>;;;;;;;;
GRGEMAKT-40420;Maria Schmolln <40420>;;;;;;;;
GRGEMAKT-40421;Mattighofen <40421>;;;;;;;;
GRGEMAKT-40422;Mauerkirchen <40422>;;;;;;;;
GRGEMAKT-40423;Mining <40423>;;;;;;;;
GRGEMAKT-40424;Moosbach <40424>;;;;;;;;
GRGEMAKT-40425;Moosdorf <40425>;;;;;;;;
GRGEMAKT-40426;Munderfing <40426>;;;;;;;;
GRGEMAKT-40427;Neukirchen an der Enknach <40427>;;;;;;;;
GRGEMAKT-40428;Ostermiething <40428>;;;;;;;;
GRGEMAKT-40429;Palting <40429>;;;;;;;;
GRGEMAKT-40430;Perwang am Grabensee <40430>;;;;;;;;
GRGEMAKT-40431;Pfaffstätt <40431>;;;;;;;;
GRGEMAKT-40432;Pischelsdorf am Engelbach <40432>;;;;;;;;
GRGEMAKT-40433;Polling im Innkreis <40433>;;;;;;;;
GRGEMAKT-40434;Roßbach <40434>;;;;;;;;
GRGEMAKT-40435;Sankt Georgen am Fillmannsbach <40435>;;;;;;;;
GRGEMAKT-40436;Sankt Johann am Walde <40436>;;;;;;;;
GRGEMAKT-40437;Sankt Pantaleon <40437>;;;;;;;;
GRGEMAKT-40438;Sankt Peter am Hart <40438>;;;;;;;;
GRGEMAKT-40439;Sankt Radegund <40439>;;;;;;;;
GRGEMAKT-40440;Sankt Veit im Innkreis <40440>;;;;;;;;
GRGEMAKT-40441;Schalchen <40441>;;;;;;;;
GRGEMAKT-40442;Schwand im Innkreis <40442>;;;;;;;;
GRGEMAKT-40443;Tarsdorf <40443>;;;;;;;;
GRGEMAKT-40444;Treubach <40444>;;;;;;;;
GRGEMAKT-40445;Überackern <40445>;;;;;;;;
GRGEMAKT-40446;Weng im Innkreis <40446>;;;;;;;;
GRGEMAKT-40501;Alkoven <40501>;;;;;;;;
GRGEMAKT-40502;Aschach an der Donau <40502>;;;;;;;;
GRGEMAKT-40503;Eferding <40503>;;;;;;;;
GRGEMAKT-40504;Fraham <40504>;;;;;;;;
GRGEMAKT-40505;Haibach ob der Donau <40505>;;;;;;;;
GRGEMAKT-40506;Hartkirchen <40506>;;;;;;;;
GRGEMAKT-40507;Hinzenbach <40507>;;;;;;;;
GRGEMAKT-40508;Prambachkirchen <40508>;;;;;;;;
GRGEMAKT-40509;Pupping <40509>;;;;;;;;
GRGEMAKT-40510;Sankt Marienkirchen an der Polsenz <40510>;;;;;;;;
GRGEMAKT-40511;Scharten <40511>;;;;;;;;
GRGEMAKT-40512;Stroheim <40512>;;;;;;;;
GRGEMAKT-40627;Bad Zell <40627>;;;;;;;;
GRGEMAKT-40601;Freistadt <40601>;;;;;;;;
GRGEMAKT-40602;Grünbach <40602>;;;;;;;;
GRGEMAKT-40603;Gutau <40603>;;;;;;;;
GRGEMAKT-40604;Hagenberg im Mühlkreis <40604>;;;;;;;;
GRGEMAKT-40605;Hirschbach im Mühlkreis <40605>;;;;;;;;
GRGEMAKT-40606;Kaltenberg <40606>;;;;;;;;
GRGEMAKT-40607;Kefermarkt <40607>;;;;;;;;
GRGEMAKT-40608;Königswiesen <40608>;;;;;;;;
GRGEMAKT-40609;Lasberg <40609>;;;;;;;;
GRGEMAKT-40610;Leopoldschlag <40610>;;;;;;;;
GRGEMAKT-40611;Liebenau <40611>;;;;;;;;
GRGEMAKT-40612;Neumarkt im Mühlkreis <40612>;;;;;;;;
GRGEMAKT-40613;Pierbach <40613>;;;;;;;;
GRGEMAKT-40614;Pregarten <40614>;;;;;;;;
GRGEMAKT-40615;Rainbach im Mühlkreis <40615>;;;;;;;;
GRGEMAKT-40616;Sandl <40616>;;;;;;;;
GRGEMAKT-40617;Sankt Leonhard bei Freistadt <40617>;;;;;;;;
GRGEMAKT-40618;Sankt Oswald bei Freistadt <40618>;;;;;;;;
GRGEMAKT-40619;Schönau im Mühlkreis <40619>;;;;;;;;
GRGEMAKT-40620;Tragwein <40620>;;;;;;;;
GRGEMAKT-40621;Unterweißenbach <40621>;;;;;;;;
GRGEMAKT-40622;Unterweitersdorf <40622>;;;;;;;;
GRGEMAKT-40623;Waldburg <40623>;;;;;;;;
GRGEMAKT-40624;Wartberg ob der Aist <40624>;;;;;;;;
GRGEMAKT-40625;Weitersfelden <40625>;;;;;;;;
GRGEMAKT-40626;Windhaag bei Freistadt <40626>;;;;;;;;
GRGEMAKT-40701;Altmünster <40701>;;;;;;;;
GRGEMAKT-40702;Bad Goisern am Hallstättersee <40702>;;;;;;;;
GRGEMAKT-40703;Bad Ischl <40703>;;;;;;;;
GRGEMAKT-40704;Ebensee am Traunsee <40704>;;;;;;;;
GRGEMAKT-40705;Gmunden <40705>;;;;;;;;
GRGEMAKT-40706;Gosau <40706>;;;;;;;;
GRGEMAKT-40707;Grünau im Almtal <40707>;;;;;;;;
GRGEMAKT-40708;Gschwandt <40708>;;;;;;;;
GRGEMAKT-40709;Hallstatt <40709>;;;;;;;;
GRGEMAKT-40710;Kirchham <40710>;;;;;;;;
GRGEMAKT-40711;Laakirchen <40711>;;;;;;;;
GRGEMAKT-40712;Obertraun <40712>;;;;;;;;
GRGEMAKT-40713;Ohlsdorf <40713>;;;;;;;;
GRGEMAKT-40714;Pinsdorf <40714>;;;;;;;;
GRGEMAKT-40715;Roitham <40715>;;;;;;;;
GRGEMAKT-40716;Sankt Konrad <40716>;;;;;;;;
GRGEMAKT-40717;Sankt Wolfgang im Salzkammergut <40717>;;;;;;;;
GRGEMAKT-40719;Scharnstein <40719>;;;;;;;;
GRGEMAKT-40718;Traunkirchen <40718>;;;;;;;;
GRGEMAKT-40720;Vorchdorf <40720>;;;;;;;;
GRGEMAKT-40801;Aistersheim <40801>;;;;;;;;
GRGEMAKT-40802;Bad Schallerbach <40802>;;;;;;;;
GRGEMAKT-40804;Eschenau im Hausruckkreis <40804>;;;;;;;;
GRGEMAKT-40805;Gallspach <40805>;;;;;;;;
GRGEMAKT-40806;Gaspoltshofen <40806>;;;;;;;;
GRGEMAKT-40807;Geboltskirchen <40807>;;;;;;;;
GRGEMAKT-40808;Grieskirchen <40808>;;;;;;;;
GRGEMAKT-40809;Haag am Hausruck <40809>;;;;;;;;
GRGEMAKT-40810;Heiligenberg <40810>;;;;;;;;
GRGEMAKT-40811;Hofkirchen an der Trattnach <40811>;;;;;;;;
GRGEMAKT-40812;Kallham <40812>;;;;;;;;
GRGEMAKT-40813;Kematen am Innbach <40813>;;;;;;;;
GRGEMAKT-40814;Meggenhofen <40814>;;;;;;;;
GRGEMAKT-40815;Michaelnbach <40815>;;;;;;;;
GRGEMAKT-40816;Natternbach <40816>;;;;;;;;
GRGEMAKT-40817;Neukirchen am Walde <40817>;;;;;;;;
GRGEMAKT-40818;Neumarkt im Hausruckkreis <40818>;;;;;;;;
GRGEMAKT-40835;Peuerbach <40835>;;;;;;;;
GRGEMAKT-40821;Pollham <40821>;;;;;;;;
GRGEMAKT-40820;Pötting <40820>;;;;;;;;
GRGEMAKT-40822;Pram <40822>;;;;;;;;
GRGEMAKT-40823;Rottenbach <40823>;;;;;;;;
GRGEMAKT-40824;Sankt Agatha <40824>;;;;;;;;
GRGEMAKT-40825;Sankt Georgen bei Grieskirchen <40825>;;;;;;;;
GRGEMAKT-40826;Sankt Thomas <40826>;;;;;;;;
GRGEMAKT-40827;Schlüßlberg <40827>;;;;;;;;
GRGEMAKT-40828;Steegen <40828>;;;;;;;;
GRGEMAKT-40829;Taufkirchen an der Trattnach <40829>;;;;;;;;
GRGEMAKT-40830;Tollet <40830>;;;;;;;;
GRGEMAKT-40831;Waizenkirchen <40831>;;;;;;;;
GRGEMAKT-40832;Wallern an der Trattnach <40832>;;;;;;;;
GRGEMAKT-40833;Weibern <40833>;;;;;;;;
GRGEMAKT-40834;Wendling <40834>;;;;;;;;
GRGEMAKT-40901;Edlbach <40901>;;;;;;;;
GRGEMAKT-40902;Grünburg <40902>;;;;;;;;
GRGEMAKT-40903;Hinterstoder <40903>;;;;;;;;
GRGEMAKT-40904;Inzersdorf im Kremstal <40904>;;;;;;;;
GRGEMAKT-40905;Kirchdorf an der Krems <40905>;;;;;;;;
GRGEMAKT-40906;Klaus an der Pyhrnbahn <40906>;;;;;;;;
GRGEMAKT-40907;Kremsmünster <40907>;;;;;;;;
GRGEMAKT-40908;Micheldorf in Oberösterreich <40908>;;;;;;;;
GRGEMAKT-40909;Molln <40909>;;;;;;;;
GRGEMAKT-40910;Nußbach <40910>;;;;;;;;
GRGEMAKT-40911;Oberschlierbach <40911>;;;;;;;;
GRGEMAKT-40912;Pettenbach <40912>;;;;;;;;
GRGEMAKT-40913;Ried im Traunkreis <40913>;;;;;;;;
GRGEMAKT-40914;Rosenau am Hengstpaß <40914>;;;;;;;;
GRGEMAKT-40915;Roßleithen <40915>;;;;;;;;
GRGEMAKT-40916;Sankt Pankraz <40916>;;;;;;;;
GRGEMAKT-40917;Schlierbach <40917>;;;;;;;;
GRGEMAKT-40918;Spital am Pyhrn <40918>;;;;;;;;
GRGEMAKT-40919;Steinbach am Ziehberg <40919>;;;;;;;;
GRGEMAKT-40920;Steinbach an der Steyr <40920>;;;;;;;;
GRGEMAKT-40921;Vorderstoder <40921>;;;;;;;;
GRGEMAKT-40922;Wartberg an der Krems <40922>;;;;;;;;
GRGEMAKT-40923;Windischgarsten <40923>;;;;;;;;
GRGEMAKT-41001;Allhaming <41001>;;;;;;;;
GRGEMAKT-41002;Ansfelden <41002>;;;;;;;;
GRGEMAKT-41003;Asten <41003>;;;;;;;;
GRGEMAKT-41004;Eggendorf im Traunkreis <41004>;;;;;;;;
GRGEMAKT-41005;Enns <41005>;;;;;;;;
GRGEMAKT-41006;Hargelsberg <41006>;;;;;;;;
GRGEMAKT-41008;Hofkirchen im Traunkreis <41008>;;;;;;;;
GRGEMAKT-41007;Hörsching <41007>;;;;;;;;
GRGEMAKT-41009;Kematen an der Krems <41009>;;;;;;;;
GRGEMAKT-41010;Kirchberg-Thening <41010>;;;;;;;;
GRGEMAKT-41011;Kronstorf <41011>;;;;;;;;
GRGEMAKT-41012;Leonding <41012>;;;;;;;;
GRGEMAKT-41014;Neuhofen an der Krems <41014>;;;;;;;;
GRGEMAKT-41015;Niederneukirchen <41015>;;;;;;;;
GRGEMAKT-41016;Oftering <41016>;;;;;;;;
GRGEMAKT-41017;Pasching <41017>;;;;;;;;
GRGEMAKT-41018;Piberbach <41018>;;;;;;;;
GRGEMAKT-41019;Pucking <41019>;;;;;;;;
GRGEMAKT-41013;Sankt Florian <41013>;;;;;;;;
GRGEMAKT-41020;Sankt Marien <41020>;;;;;;;;
GRGEMAKT-41021;Traun <41021>;;;;;;;;
GRGEMAKT-41022;Wilhering <41022>;;;;;;;;
GRGEMAKT-41101;Allerheiligen im Mühlkreis <41101>;;;;;;;;
GRGEMAKT-41102;Arbing <41102>;;;;;;;;
GRGEMAKT-41108;Bad Kreuzen <41108>;;;;;;;;
GRGEMAKT-41103;Baumgartenberg <41103>;;;;;;;;
GRGEMAKT-41104;Dimbach <41104>;;;;;;;;
GRGEMAKT-41105;Grein <41105>;;;;;;;;
GRGEMAKT-41106;Katsdorf <41106>;;;;;;;;
GRGEMAKT-41107;Klam <41107>;;;;;;;;
GRGEMAKT-41109;Langenstein <41109>;;;;;;;;
GRGEMAKT-41110;Luftenberg an der Donau <41110>;;;;;;;;
GRGEMAKT-41111;Mauthausen <41111>;;;;;;;;
GRGEMAKT-41112;Mitterkirchen im Machland <41112>;;;;;;;;
GRGEMAKT-41113;Münzbach <41113>;;;;;;;;
GRGEMAKT-41114;Naarn im Machlande <41114>;;;;;;;;
GRGEMAKT-41115;Pabneukirchen <41115>;;;;;;;;
GRGEMAKT-41116;Perg <41116>;;;;;;;;
GRGEMAKT-41117;Rechberg <41117>;;;;;;;;
GRGEMAKT-41118;Ried in der Riedmark <41118>;;;;;;;;
GRGEMAKT-41119;Sankt Georgen am Walde <41119>;;;;;;;;
GRGEMAKT-41120;Sankt Georgen an der Gusen <41120>;;;;;;;;
GRGEMAKT-41121;Sankt Nikola an der Donau <41121>;;;;;;;;
GRGEMAKT-41122;Sankt Thomas am Blasenstein <41122>;;;;;;;;
GRGEMAKT-41123;Saxen <41123>;;;;;;;;
GRGEMAKT-41124;Schwertberg <41124>;;;;;;;;
GRGEMAKT-41125;Waldhausen im Strudengau <41125>;;;;;;;;
GRGEMAKT-41126;Windhaag bei Perg <41126>;;;;;;;;
GRGEMAKT-41201;Andrichsfurt <41201>;;;;;;;;
GRGEMAKT-41202;Antiesenhofen <41202>;;;;;;;;
GRGEMAKT-41203;Aurolzmünster <41203>;;;;;;;;
GRGEMAKT-41204;Eberschwang <41204>;;;;;;;;
GRGEMAKT-41205;Eitzing <41205>;;;;;;;;
GRGEMAKT-41206;Geiersberg <41206>;;;;;;;;
GRGEMAKT-41207;Geinberg <41207>;;;;;;;;
GRGEMAKT-41208;Gurten <41208>;;;;;;;;
GRGEMAKT-41209;Hohenzell <41209>;;;;;;;;
GRGEMAKT-41210;Kirchdorf am Inn <41210>;;;;;;;;
GRGEMAKT-41211;Kirchheim im Innkreis <41211>;;;;;;;;
GRGEMAKT-41212;Lambrechten <41212>;;;;;;;;
GRGEMAKT-41213;Lohnsburg am Kobernaußerwald <41213>;;;;;;;;
GRGEMAKT-41214;Mehrnbach <41214>;;;;;;;;
GRGEMAKT-41215;Mettmach <41215>;;;;;;;;
GRGEMAKT-41216;Mörschwang <41216>;;;;;;;;
GRGEMAKT-41217;Mühlheim am Inn <41217>;;;;;;;;
GRGEMAKT-41218;Neuhofen im Innkreis <41218>;;;;;;;;
GRGEMAKT-41219;Obernberg am Inn <41219>;;;;;;;;
GRGEMAKT-41220;Ort im Innkreis <41220>;;;;;;;;
GRGEMAKT-41221;Pattigham <41221>;;;;;;;;
GRGEMAKT-41222;Peterskirchen <41222>;;;;;;;;
GRGEMAKT-41223;Pramet <41223>;;;;;;;;
GRGEMAKT-41224;Reichersberg <41224>;;;;;;;;
GRGEMAKT-41225;Ried im Innkreis <41225>;;;;;;;;
GRGEMAKT-41226;Sankt Georgen bei Obernberg am Inn <41226>;;;;;;;;
GRGEMAKT-41227;Sankt Marienkirchen am Hausruck <41227>;;;;;;;;
GRGEMAKT-41228;Sankt Martin im Innkreis <41228>;;;;;;;;
GRGEMAKT-41229;Schildorn <41229>;;;;;;;;
GRGEMAKT-41230;Senftenbach <41230>;;;;;;;;
GRGEMAKT-41231;Taiskirchen im Innkreis <41231>;;;;;;;;
GRGEMAKT-41232;Tumeltsham <41232>;;;;;;;;
GRGEMAKT-41233;Utzenaich <41233>;;;;;;;;
GRGEMAKT-41234;Waldzell <41234>;;;;;;;;
GRGEMAKT-41235;Weilbach <41235>;;;;;;;;
GRGEMAKT-41236;Wippenham <41236>;;;;;;;;
GRGEMAKT-41343;Aigen-Schlägl <41343>;;;;;;;;
GRGEMAKT-41304;Altenfelden <41304>;;;;;;;;
GRGEMAKT-41305;Arnreit <41305>;;;;;;;;
GRGEMAKT-41306;Atzesberg <41306>;;;;;;;;
GRGEMAKT-41307;Auberg <41307>;;;;;;;;
GRGEMAKT-41309;Haslach an der Mühl <41309>;;;;;;;;
GRGEMAKT-41345;Helfenberg <41345>;;;;;;;;
GRGEMAKT-41312;Hofkirchen im Mühlkreis <41312>;;;;;;;;
GRGEMAKT-41311;Hörbich <41311>;;;;;;;;
GRGEMAKT-41313;Julbach <41313>;;;;;;;;
GRGEMAKT-41314;Kirchberg ob der Donau <41314>;;;;;;;;
GRGEMAKT-41315;Klaffer am Hochficht <41315>;;;;;;;;
GRGEMAKT-41316;Kleinzell im Mühlkreis <41316>;;;;;;;;
GRGEMAKT-41317;Kollerschlag <41317>;;;;;;;;
GRGEMAKT-41318;Lembach im Mühlkreis <41318>;;;;;;;;
GRGEMAKT-41319;Lichtenau im Mühlkreis <41319>;;;;;;;;
GRGEMAKT-41320;Nebelberg <41320>;;;;;;;;
GRGEMAKT-41321;Neufelden <41321>;;;;;;;;
GRGEMAKT-41329;Neustift im Mühlkreis <41329>;;;;;;;;
GRGEMAKT-41322;Niederkappel <41322>;;;;;;;;
GRGEMAKT-41323;Niederwaldkirchen <41323>;;;;;;;;
GRGEMAKT-41324;Oberkappel <41324>;;;;;;;;
GRGEMAKT-41325;Oepping <41325>;;;;;;;;
GRGEMAKT-41326;Peilstein im Mühlviertel <41326>;;;;;;;;
GRGEMAKT-41327;Pfarrkirchen im Mühlkreis <41327>;;;;;;;;
GRGEMAKT-41328;Putzleinsdorf <41328>;;;;;;;;
GRGEMAKT-41344;Rohrbach-Berg <41344>;;;;;;;;
GRGEMAKT-41331;Sankt Johann am Wimberg <41331>;;;;;;;;
GRGEMAKT-41332;Sankt Martin im Mühlkreis <41332>;;;;;;;;
GRGEMAKT-41333;Sankt Oswald bei Haslach <41333>;;;;;;;;
GRGEMAKT-41334;Sankt Peter am Wimberg <41334>;;;;;;;;
GRGEMAKT-41346;Sankt Stefan Afiesl <41346>;;;;;;;;
GRGEMAKT-41336;Sankt Ulrich im Mühlkreis <41336>;;;;;;;;
GRGEMAKT-41337;Sankt Veit im Mühlkreis <41337>;;;;;;;;
GRGEMAKT-41338;Sarleinsbach <41338>;;;;;;;;
GRGEMAKT-41341;Schwarzenberg am Böhmerwald <41341>;;;;;;;;
GRGEMAKT-41342;Ulrichsberg <41342>;;;;;;;;
GRGEMAKT-41401;Altschwendt <41401>;;;;;;;;
GRGEMAKT-41402;Andorf <41402>;;;;;;;;
GRGEMAKT-41403;Brunnenthal <41403>;;;;;;;;
GRGEMAKT-41404;Diersbach <41404>;;;;;;;;
GRGEMAKT-41405;Dorf an der Pram <41405>;;;;;;;;
GRGEMAKT-41406;Eggerding <41406>;;;;;;;;
GRGEMAKT-41407;Engelhartszell <41407>;;;;;;;;
GRGEMAKT-41408;Enzenkirchen <41408>;;;;;;;;
GRGEMAKT-41409;Esternberg <41409>;;;;;;;;
GRGEMAKT-41410;Freinberg <41410>;;;;;;;;
GRGEMAKT-41411;Kopfing im Innkreis <41411>;;;;;;;;
GRGEMAKT-41412;Mayrhof <41412>;;;;;;;;
GRGEMAKT-41413;Münzkirchen <41413>;;;;;;;;
GRGEMAKT-41414;Raab <41414>;;;;;;;;
GRGEMAKT-41415;Rainbach im Innkreis <41415>;;;;;;;;
GRGEMAKT-41416;Riedau <41416>;;;;;;;;
GRGEMAKT-41417;Sankt Aegidi <41417>;;;;;;;;
GRGEMAKT-41418;Sankt Florian am Inn <41418>;;;;;;;;
GRGEMAKT-41419;Sankt Marienkirchen bei Schärding <41419>;;;;;;;;
GRGEMAKT-41420;Sankt Roman <41420>;;;;;;;;
GRGEMAKT-41421;Sankt Willibald <41421>;;;;;;;;
GRGEMAKT-41423;Schardenberg <41423>;;;;;;;;
GRGEMAKT-41422;Schärding <41422>;;;;;;;;
GRGEMAKT-41424;Sigharting <41424>;;;;;;;;
GRGEMAKT-41425;Suben <41425>;;;;;;;;
GRGEMAKT-41426;Taufkirchen an der Pram <41426>;;;;;;;;
GRGEMAKT-41427;Vichtenstein <41427>;;;;;;;;
GRGEMAKT-41428;Waldkirchen am Wesen <41428>;;;;;;;;
GRGEMAKT-41429;Wernstein am Inn <41429>;;;;;;;;
GRGEMAKT-41430;Zell an der Pram <41430>;;;;;;;;
GRGEMAKT-41501;Adlwang <41501>;;;;;;;;
GRGEMAKT-41502;Aschach an der Steyr <41502>;;;;;;;;
GRGEMAKT-41503;Bad Hall <41503>;;;;;;;;
GRGEMAKT-41504;Dietach <41504>;;;;;;;;
GRGEMAKT-41505;Gaflenz <41505>;;;;;;;;
GRGEMAKT-41506;Garsten <41506>;;;;;;;;
GRGEMAKT-41507;Großraming <41507>;;;;;;;;
GRGEMAKT-41508;Laussa <41508>;;;;;;;;
GRGEMAKT-41509;Losenstein <41509>;;;;;;;;
GRGEMAKT-41510;Maria Neustift <41510>;;;;;;;;
GRGEMAKT-41511;Pfarrkirchen bei Bad Hall <41511>;;;;;;;;
GRGEMAKT-41512;Reichraming <41512>;;;;;;;;
GRGEMAKT-41513;Rohr im Kremstal <41513>;;;;;;;;
GRGEMAKT-41514;Sankt Ulrich bei Steyr <41514>;;;;;;;;
GRGEMAKT-41515;Schiedlberg <41515>;;;;;;;;
GRGEMAKT-41516;Sierning <41516>;;;;;;;;
GRGEMAKT-41517;Ternberg <41517>;;;;;;;;
GRGEMAKT-41518;Waldneukirchen <41518>;;;;;;;;
GRGEMAKT-41522;Weyer <41522>;;;;;;;;
GRGEMAKT-41521;Wolfern <41521>;;;;;;;;
GRGEMAKT-41601;Alberndorf in der Riedmark <41601>;;;;;;;;
GRGEMAKT-41602;Altenberg bei Linz <41602>;;;;;;;;
GRGEMAKT-41603;Bad Leonfelden <41603>;;;;;;;;
GRGEMAKT-41604;Eidenberg <41604>;;;;;;;;
GRGEMAKT-41605;Engerwitzdorf <41605>;;;;;;;;
GRGEMAKT-41606;Feldkirchen an der Donau <41606>;;;;;;;;
GRGEMAKT-41607;Gallneukirchen <41607>;;;;;;;;
GRGEMAKT-41608;Goldwörth <41608>;;;;;;;;
GRGEMAKT-41609;Gramastetten <41609>;;;;;;;;
GRGEMAKT-41610;Haibach im Mühlkreis <41610>;;;;;;;;
GRGEMAKT-41611;Hellmonsödt <41611>;;;;;;;;
GRGEMAKT-41612;Herzogsdorf <41612>;;;;;;;;
GRGEMAKT-41613;Kirchschlag bei Linz <41613>;;;;;;;;
GRGEMAKT-41614;Lichtenberg <41614>;;;;;;;;
GRGEMAKT-41615;Oberneukirchen <41615>;;;;;;;;
GRGEMAKT-41616;Ottenschlag im Mühlkreis <41616>;;;;;;;;
GRGEMAKT-41617;Ottensheim <41617>;;;;;;;;
GRGEMAKT-41618;Puchenau <41618>;;;;;;;;
GRGEMAKT-41619;Reichenau im Mühlkreis <41619>;;;;;;;;
GRGEMAKT-41620;Reichenthal <41620>;;;;;;;;
GRGEMAKT-41621;Sankt Gotthard im Mühlkreis <41621>;;;;;;;;
GRGEMAKT-41622;Schenkenfelden <41622>;;;;;;;;
GRGEMAKT-41623;Sonnberg im Mühlkreis <41623>;;;;;;;;
GRGEMAKT-41624;Steyregg <41624>;;;;;;;;
GRGEMAKT-41628;Vorderweißenbach <41628>;;;;;;;;
GRGEMAKT-41626;Walding <41626>;;;;;;;;
GRGEMAKT-41627;Zwettl an der Rodl <41627>;;;;;;;;
GRGEMAKT-41701;Ampflwang im Hausruckwald <41701>;;;;;;;;
GRGEMAKT-41702;Attersee am Attersee <41702>;;;;;;;;
GRGEMAKT-41703;Attnang-Puchheim <41703>;;;;;;;;
GRGEMAKT-41704;Atzbach <41704>;;;;;;;;
GRGEMAKT-41705;Aurach am Hongar <41705>;;;;;;;;
GRGEMAKT-41706;Berg im Attergau <41706>;;;;;;;;
GRGEMAKT-41707;Desselbrunn <41707>;;;;;;;;
GRGEMAKT-41708;Fornach <41708>;;;;;;;;
GRGEMAKT-41709;Frankenburg am Hausruck <41709>;;;;;;;;
GRGEMAKT-41710;Frankenmarkt <41710>;;;;;;;;
GRGEMAKT-41711;Gampern <41711>;;;;;;;;
GRGEMAKT-41712;Innerschwand am Mondsee <41712>;;;;;;;;
GRGEMAKT-41713;Lenzing <41713>;;;;;;;;
GRGEMAKT-41714;Manning <41714>;;;;;;;;
GRGEMAKT-41715;Mondsee <41715>;;;;;;;;
GRGEMAKT-41716;Neukirchen an der Vöckla <41716>;;;;;;;;
GRGEMAKT-41717;Niederthalheim <41717>;;;;;;;;
GRGEMAKT-41718;Nußdorf am Attersee <41718>;;;;;;;;
GRGEMAKT-41719;Oberhofen am Irrsee <41719>;;;;;;;;
GRGEMAKT-41720;Oberndorf bei Schwanenstadt <41720>;;;;;;;;
GRGEMAKT-41721;Oberwang <41721>;;;;;;;;
GRGEMAKT-41722;Ottnang am Hausruck <41722>;;;;;;;;
GRGEMAKT-41723;Pfaffing <41723>;;;;;;;;
GRGEMAKT-41724;Pilsbach <41724>;;;;;;;;
GRGEMAKT-41725;Pitzenberg <41725>;;;;;;;;
GRGEMAKT-41726;Pöndorf <41726>;;;;;;;;
GRGEMAKT-41727;Puchkirchen am Trattberg <41727>;;;;;;;;
GRGEMAKT-41728;Pühret <41728>;;;;;;;;
GRGEMAKT-41729;Redleiten <41729>;;;;;;;;
GRGEMAKT-41730;Redlham <41730>;;;;;;;;
GRGEMAKT-41731;Regau <41731>;;;;;;;;
GRGEMAKT-41732;Rüstorf <41732>;;;;;;;;
GRGEMAKT-41733;Rutzenham <41733>;;;;;;;;
GRGEMAKT-41734;Sankt Georgen im Attergau <41734>;;;;;;;;
GRGEMAKT-41735;Sankt Lorenz <41735>;;;;;;;;
GRGEMAKT-41736;Schlatt <41736>;;;;;;;;
GRGEMAKT-41737;Schörfling am Attersee <41737>;;;;;;;;
GRGEMAKT-41738;Schwanenstadt <41738>;;;;;;;;
GRGEMAKT-41739;Seewalchen am Attersee <41739>;;;;;;;;
GRGEMAKT-41740;Steinbach am Attersee <41740>;;;;;;;;
GRGEMAKT-41741;Straß im Attergau <41741>;;;;;;;;
GRGEMAKT-41742;Tiefgraben <41742>;;;;;;;;
GRGEMAKT-41743;Timelkam <41743>;;;;;;;;
GRGEMAKT-41744;Ungenach <41744>;;;;;;;;
GRGEMAKT-41745;Unterach am Attersee <41745>;;;;;;;;
GRGEMAKT-41746;Vöcklabruck <41746>;;;;;;;;
GRGEMAKT-41747;Vöcklamarkt <41747>;;;;;;;;
GRGEMAKT-41748;Weißenkirchen im Attergau <41748>;;;;;;;;
GRGEMAKT-41749;Weyregg am Attersee <41749>;;;;;;;;
GRGEMAKT-41750;Wolfsegg am Hausruck <41750>;;;;;;;;
GRGEMAKT-41751;Zell am Moos <41751>;;;;;;;;
GRGEMAKT-41752;Zell am Pettenfirst <41752>;;;;;;;;
GRGEMAKT-41801;Aichkirchen <41801>;;;;;;;;
GRGEMAKT-41802;Bachmanning <41802>;;;;;;;;
GRGEMAKT-41803;Bad Wimsbach-Neydharting <41803>;;;;;;;;
GRGEMAKT-41804;Buchkirchen <41804>;;;;;;;;
GRGEMAKT-41805;Eberstalzell <41805>;;;;;;;;
GRGEMAKT-41806;Edt bei Lambach <41806>;;;;;;;;
GRGEMAKT-41807;Fischlham <41807>;;;;;;;;
GRGEMAKT-41808;Gunskirchen <41808>;;;;;;;;
GRGEMAKT-41809;Holzhausen <41809>;;;;;;;;
GRGEMAKT-41810;Krenglbach <41810>;;;;;;;;
GRGEMAKT-41811;Lambach <41811>;;;;;;;;
GRGEMAKT-41812;Marchtrenk <41812>;;;;;;;;
GRGEMAKT-41813;Neukirchen bei Lambach <41813>;;;;;;;;
GRGEMAKT-41814;Offenhausen <41814>;;;;;;;;
GRGEMAKT-41815;Pennewang <41815>;;;;;;;;
GRGEMAKT-41816;Pichl bei Wels <41816>;;;;;;;;
GRGEMAKT-41817;Sattledt <41817>;;;;;;;;
GRGEMAKT-41818;Schleißheim <41818>;;;;;;;;
GRGEMAKT-41819;Sipbachzell <41819>;;;;;;;;
GRGEMAKT-41820;Stadl-Paura <41820>;;;;;;;;
GRGEMAKT-41821;Steinerkirchen an der Traun <41821>;;;;;;;;
GRGEMAKT-41822;Steinhaus <41822>;;;;;;;;
GRGEMAKT-41823;Thalheim bei Wels <41823>;;;;;;;;
GRGEMAKT-41824;Weißkirchen an der Traun <41824>;;;;;;;;
GRGEMAKT-50101;Salzburg <50101>;;;;;;;;
GRGEMAKT-50201;Abtenau <50201>;;;;;;;;
GRGEMAKT-50202;Adnet <50202>;;;;;;;;
GRGEMAKT-50203;Annaberg-Lungötz <50203>;;;;;;;;
GRGEMAKT-50213;Bad Vigaun <50213>;;;;;;;;
GRGEMAKT-50204;Golling an der Salzach <50204>;;;;;;;;
GRGEMAKT-50205;Hallein <50205>;;;;;;;;
GRGEMAKT-50206;Krispl <50206>;;;;;;;;
GRGEMAKT-50207;Kuchl <50207>;;;;;;;;
GRGEMAKT-50208;Oberalm <50208>;;;;;;;;
GRGEMAKT-50209;Puch bei Hallein <50209>;;;;;;;;
GRGEMAKT-50210;Rußbach am Paß Gschütt <50210>;;;;;;;;
GRGEMAKT-50211;Sankt Koloman <50211>;;;;;;;;
GRGEMAKT-50212;Scheffau am Tennengebirge <50212>;;;;;;;;
GRGEMAKT-50301;Anif <50301>;;;;;;;;
GRGEMAKT-50302;Anthering <50302>;;;;;;;;
GRGEMAKT-50303;Bergheim <50303>;;;;;;;;
GRGEMAKT-50304;Berndorf bei Salzburg <50304>;;;;;;;;
GRGEMAKT-50305;Bürmoos <50305>;;;;;;;;
GRGEMAKT-50306;Dorfbeuern <50306>;;;;;;;;
GRGEMAKT-50307;Ebenau <50307>;;;;;;;;
GRGEMAKT-50308;Elixhausen <50308>;;;;;;;;
GRGEMAKT-50309;Elsbethen <50309>;;;;;;;;
GRGEMAKT-50310;Eugendorf <50310>;;;;;;;;
GRGEMAKT-50311;Faistenau <50311>;;;;;;;;
GRGEMAKT-50312;Fuschl am See <50312>;;;;;;;;
GRGEMAKT-50313;Göming <50313>;;;;;;;;
GRGEMAKT-50314;Grödig <50314>;;;;;;;;
GRGEMAKT-50315;Großgmain <50315>;;;;;;;;
GRGEMAKT-50316;Hallwang <50316>;;;;;;;;
GRGEMAKT-50317;Henndorf am Wallersee <50317>;;;;;;;;
GRGEMAKT-50318;Hintersee <50318>;;;;;;;;
GRGEMAKT-50319;Hof bei Salzburg <50319>;;;;;;;;
GRGEMAKT-50321;Koppl <50321>;;;;;;;;
GRGEMAKT-50320;Köstendorf <50320>;;;;;;;;
GRGEMAKT-50322;Lamprechtshausen <50322>;;;;;;;;
GRGEMAKT-50323;Mattsee <50323>;;;;;;;;
GRGEMAKT-50324;Neumarkt am Wallersee <50324>;;;;;;;;
GRGEMAKT-50325;Nußdorf am Haunsberg <50325>;;;;;;;;
GRGEMAKT-50326;Oberndorf bei Salzburg <50326>;;;;;;;;
GRGEMAKT-50327;Obertrum am See <50327>;;;;;;;;
GRGEMAKT-50328;Plainfeld <50328>;;;;;;;;
GRGEMAKT-50329;Sankt Georgen bei Salzburg <50329>;;;;;;;;
GRGEMAKT-50330;Sankt Gilgen <50330>;;;;;;;;
GRGEMAKT-50331;Schleedorf <50331>;;;;;;;;
GRGEMAKT-50332;Seeham <50332>;;;;;;;;
GRGEMAKT-50339;Seekirchen am Wallersee <50339>;;;;;;;;
GRGEMAKT-50335;Straßwalchen <50335>;;;;;;;;
GRGEMAKT-50336;Strobl <50336>;;;;;;;;
GRGEMAKT-50337;Thalgau <50337>;;;;;;;;
GRGEMAKT-50338;Wals-Siezenheim <50338>;;;;;;;;
GRGEMAKT-50401;Altenmarkt im Pongau <50401>;;;;;;;;
GRGEMAKT-50403;Bad Gastein <50403>;;;;;;;;
GRGEMAKT-50402;Bad Hofgastein <50402>;;;;;;;;
GRGEMAKT-50404;Bischofshofen <50404>;;;;;;;;
GRGEMAKT-50405;Dorfgastein <50405>;;;;;;;;
GRGEMAKT-50406;Eben im Pongau <50406>;;;;;;;;
GRGEMAKT-50407;Filzmoos <50407>;;;;;;;;
GRGEMAKT-50408;Flachau <50408>;;;;;;;;
GRGEMAKT-50409;Forstau <50409>;;;;;;;;
GRGEMAKT-50410;Goldegg <50410>;;;;;;;;
GRGEMAKT-50411;Großarl <50411>;;;;;;;;
GRGEMAKT-50412;Hüttau <50412>;;;;;;;;
GRGEMAKT-50413;Hüttschlag <50413>;;;;;;;;
GRGEMAKT-50414;Kleinarl <50414>;;;;;;;;
GRGEMAKT-50415;Mühlbach am Hochkönig <50415>;;;;;;;;
GRGEMAKT-50416;Pfarrwerfen <50416>;;;;;;;;
GRGEMAKT-50417;Radstadt <50417>;;;;;;;;
GRGEMAKT-50418;Sankt Johann im Pongau <50418>;;;;;;;;
GRGEMAKT-50419;Sankt Martin am Tennengebirge <50419>;;;;;;;;
GRGEMAKT-50420;Sankt Veit im Pongau <50420>;;;;;;;;
GRGEMAKT-50421;Schwarzach im Pongau <50421>;;;;;;;;
GRGEMAKT-50422;Untertauern <50422>;;;;;;;;
GRGEMAKT-50423;Wagrain <50423>;;;;;;;;
GRGEMAKT-50424;Werfen <50424>;;;;;;;;
GRGEMAKT-50425;Werfenweng <50425>;;;;;;;;
GRGEMAKT-50501;Göriach <50501>;;;;;;;;
GRGEMAKT-50502;Lessach <50502>;;;;;;;;
GRGEMAKT-50503;Mariapfarr <50503>;;;;;;;;
GRGEMAKT-50504;Mauterndorf <50504>;;;;;;;;
GRGEMAKT-50505;Muhr <50505>;;;;;;;;
GRGEMAKT-50506;Ramingstein <50506>;;;;;;;;
GRGEMAKT-50507;Sankt Andrä im Lungau <50507>;;;;;;;;
GRGEMAKT-50508;Sankt Margarethen im Lungau <50508>;;;;;;;;
GRGEMAKT-50509;Sankt Michael im Lungau <50509>;;;;;;;;
GRGEMAKT-50510;Tamsweg <50510>;;;;;;;;
GRGEMAKT-50511;Thomatal <50511>;;;;;;;;
GRGEMAKT-50512;Tweng <50512>;;;;;;;;
GRGEMAKT-50513;Unternberg <50513>;;;;;;;;
GRGEMAKT-50514;Weißpriach <50514>;;;;;;;;
GRGEMAKT-50515;Zederhaus <50515>;;;;;;;;
GRGEMAKT-50601;Bramberg am Wildkogel <50601>;;;;;;;;
GRGEMAKT-50602;Bruck an der Großglocknerstraße <50602>;;;;;;;;
GRGEMAKT-50603;Dienten am Hochkönig <50603>;;;;;;;;
GRGEMAKT-50604;Fusch an der Großglocknerstraße <50604>;;;;;;;;
GRGEMAKT-50605;Hollersbach im Pinzgau <50605>;;;;;;;;
GRGEMAKT-50606;Kaprun <50606>;;;;;;;;
GRGEMAKT-50607;Krimml <50607>;;;;;;;;
GRGEMAKT-50608;Lend <50608>;;;;;;;;
GRGEMAKT-50609;Leogang <50609>;;;;;;;;
GRGEMAKT-50610;Lofer <50610>;;;;;;;;
GRGEMAKT-50611;Maishofen <50611>;;;;;;;;
GRGEMAKT-50612;Maria Alm am Steinernen Meer <50612>;;;;;;;;
GRGEMAKT-50613;Mittersill <50613>;;;;;;;;
GRGEMAKT-50614;Neukirchen am Großvenediger <50614>;;;;;;;;
GRGEMAKT-50615;Niedernsill <50615>;;;;;;;;
GRGEMAKT-50616;Piesendorf <50616>;;;;;;;;
GRGEMAKT-50617;Rauris <50617>;;;;;;;;
GRGEMAKT-50618;Saalbach-Hinterglemm <50618>;;;;;;;;
GRGEMAKT-50619;Saalfelden am Steinernen Meer <50619>;;;;;;;;
GRGEMAKT-50620;Sankt Martin bei Lofer <50620>;;;;;;;;
GRGEMAKT-50621;Stuhlfelden <50621>;;;;;;;;
GRGEMAKT-50622;Taxenbach <50622>;;;;;;;;
GRGEMAKT-50623;Unken <50623>;;;;;;;;
GRGEMAKT-50624;Uttendorf <50624>;;;;;;;;
GRGEMAKT-50625;Viehhofen <50625>;;;;;;;;
GRGEMAKT-50626;Wald im Pinzgau <50626>;;;;;;;;
GRGEMAKT-50627;Weißbach bei Lofer <50627>;;;;;;;;
GRGEMAKT-50628;Zell am See <50628>;;;;;;;;
GRGEMAKT-60101;Graz <60101>;;;;;;;;
GRGEMAKT-60344;Deutschlandsberg <60344>;;;;;;;;
GRGEMAKT-60345;Eibiswald <60345>;;;;;;;;
GRGEMAKT-60305;Frauental an der Laßnitz <60305>;;;;;;;;
GRGEMAKT-60346;Groß Sankt Florian <60346>;;;;;;;;
GRGEMAKT-60318;Lannach <60318>;;;;;;;;
GRGEMAKT-60323;Pölfing-Brunn <60323>;;;;;;;;
GRGEMAKT-60324;Preding <60324>;;;;;;;;
GRGEMAKT-60326;Sankt Josef (Weststeiermark) <60326>;;;;;;;;
GRGEMAKT-60347;Sankt Martin im Sulmtal <60347>;;;;;;;;
GRGEMAKT-60329;Sankt Peter im Sulmtal <60329>;;;;;;;;
GRGEMAKT-60348;Sankt Stefan ob Stainz <60348>;;;;;;;;
GRGEMAKT-60349;Schwanberg <60349>;;;;;;;;
GRGEMAKT-60350;Stainz <60350>;;;;;;;;
GRGEMAKT-60341;Wettmannstätten <60341>;;;;;;;;
GRGEMAKT-60351;Wies <60351>;;;;;;;;
GRGEMAKT-60659;Deutschfeistritz <60659>;;;;;;;;
GRGEMAKT-60660;Dobl-Zwaring <60660>;;;;;;;;
GRGEMAKT-60661;Eggersdorf bei Graz <60661>;;;;;;;;
GRGEMAKT-60608;Feldkirchen bei Graz <60608>;;;;;;;;
GRGEMAKT-60662;Fernitz-Mellach <60662>;;;;;;;;
GRGEMAKT-60663;Frohnleiten <60663>;;;;;;;;
GRGEMAKT-60611;Gössendorf <60611>;;;;;;;;
GRGEMAKT-60613;Gratkorn <60613>;;;;;;;;
GRGEMAKT-60664;Gratwein-Straßengel <60664>;;;;;;;;
GRGEMAKT-60617;Hart bei Graz <60617>;;;;;;;;
GRGEMAKT-60618;Haselsdorf-Tobelbad <60618>;;;;;;;;
GRGEMAKT-60619;Hausmannstätten <60619>;;;;;;;;
GRGEMAKT-60665;Hitzendorf <60665>;;;;;;;;
GRGEMAKT-60623;Kainbach bei Graz <60623>;;;;;;;;
GRGEMAKT-60624;Kalsdorf bei Graz <60624>;;;;;;;;
GRGEMAKT-60626;Kumberg <60626>;;;;;;;;
GRGEMAKT-60628;Laßnitzhöhe <60628>;;;;;;;;
GRGEMAKT-60629;Lieboch <60629>;;;;;;;;
GRGEMAKT-60666;Nestelbach bei Graz <60666>;;;;;;;;
GRGEMAKT-60632;Peggau <60632>;;;;;;;;
GRGEMAKT-60670;Premstätten <60670>;;;;;;;;
GRGEMAKT-60667;Raaba-Grambach <60667>;;;;;;;;
GRGEMAKT-60639;Sankt Bartholomä <60639>;;;;;;;;
GRGEMAKT-60668;Sankt Marein bei Graz <60668>;;;;;;;;
GRGEMAKT-60641;Sankt Oswald bei Plankenwarth <60641>;;;;;;;;
GRGEMAKT-60642;Sankt Radegund bei Graz <60642>;;;;;;;;
GRGEMAKT-60669;Seiersberg-Pirka <60669>;;;;;;;;
GRGEMAKT-60645;Semriach <60645>;;;;;;;;
GRGEMAKT-60646;Stattegg <60646>;;;;;;;;
GRGEMAKT-60647;Stiwoll <60647>;;;;;;;;
GRGEMAKT-60648;Thal <60648>;;;;;;;;
GRGEMAKT-60651;Übelbach <60651>;;;;;;;;
GRGEMAKT-60653;Vasoldsberg <60653>;;;;;;;;
GRGEMAKT-60654;Weinitzen <60654>;;;;;;;;
GRGEMAKT-60655;Werndorf <60655>;;;;;;;;
GRGEMAKT-60656;Wundschuh <60656>;;;;;;;;
GRGEMAKT-61001;Allerheiligen bei Wildon <61001>;;;;;;;;
GRGEMAKT-61002;Arnfels <61002>;;;;;;;;
GRGEMAKT-61049;Ehrenhausen  an der Weinstraße <61049>;;;;;;;;
GRGEMAKT-61007;Empersdorf <61007>;;;;;;;;
GRGEMAKT-61008;Gabersdorf <61008>;;;;;;;;
GRGEMAKT-61050;Gamlitz <61050>;;;;;;;;
GRGEMAKT-61051;Gleinstätten <61051>;;;;;;;;
GRGEMAKT-61012;Gralla <61012>;;;;;;;;
GRGEMAKT-61013;Großklein <61013>;;;;;;;;
GRGEMAKT-61052;Heiligenkreuz am Waasen <61052>;;;;;;;;
GRGEMAKT-61016;Heimschuh <61016>;;;;;;;;
GRGEMAKT-61017;Hengsberg <61017>;;;;;;;;
GRGEMAKT-61019;Kitzeck im Sausal <61019>;;;;;;;;
GRGEMAKT-61020;Lang <61020>;;;;;;;;
GRGEMAKT-61021;Lebring-Sankt Margarethen <61021>;;;;;;;;
GRGEMAKT-61053;Leibnitz <61053>;;;;;;;;
GRGEMAKT-61054;Leutschach an der Weinstraße <61054>;;;;;;;;
GRGEMAKT-61024;Oberhaag <61024>;;;;;;;;
GRGEMAKT-61027;Ragnitz <61027>;;;;;;;;
GRGEMAKT-61030;Sankt Andrä-Höch <61030>;;;;;;;;
GRGEMAKT-61055;Sankt Georgen an der Stiefing <61055>;;;;;;;;
GRGEMAKT-61032;Sankt Johann im Saggautal <61032>;;;;;;;;
GRGEMAKT-61033;Sankt Nikolai im Sausal <61033>;;;;;;;;
GRGEMAKT-61060;Sankt Veit in der Südsteiermark <61060>;;;;;;;;
GRGEMAKT-61057;Schwarzautal <61057>;;;;;;;;
GRGEMAKT-61061;Straß in Steiermark <61061>;;;;;;;;
GRGEMAKT-61043;Tillmitsch <61043>;;;;;;;;
GRGEMAKT-61045;Wagna <61045>;;;;;;;;
GRGEMAKT-61059;Wildon <61059>;;;;;;;;
GRGEMAKT-61101;Eisenerz <61101>;;;;;;;;
GRGEMAKT-61105;Kalwang <61105>;;;;;;;;
GRGEMAKT-61106;Kammern im Liesingtal <61106>;;;;;;;;
GRGEMAKT-61107;Kraubath an der Mur <61107>;;;;;;;;
GRGEMAKT-61108;Leoben <61108>;;;;;;;;
GRGEMAKT-61109;Mautern in Steiermark <61109>;;;;;;;;
GRGEMAKT-61110;Niklasdorf <61110>;;;;;;;;
GRGEMAKT-61111;Proleb <61111>;;;;;;;;
GRGEMAKT-61112;Radmer <61112>;;;;;;;;
GRGEMAKT-61113;Sankt Michael in Obersteiermark <61113>;;;;;;;;
GRGEMAKT-61114;Sankt Peter-Freienstein <61114>;;;;;;;;
GRGEMAKT-61115;Sankt Stefan ob Leoben <61115>;;;;;;;;
GRGEMAKT-61116;Traboch <61116>;;;;;;;;
GRGEMAKT-61120;Trofaiach <61120>;;;;;;;;
GRGEMAKT-61118;Vordernberg <61118>;;;;;;;;
GRGEMAKT-61119;Wald am Schoberpaß <61119>;;;;;;;;
GRGEMAKT-61253;Admont <61253>;;;;;;;;
GRGEMAKT-61254;Aich <61254>;;;;;;;;
GRGEMAKT-61203;Aigen im Ennstal <61203>;;;;;;;;
GRGEMAKT-61204;Altaussee <61204>;;;;;;;;
GRGEMAKT-61205;Altenmarkt bei Sankt Gallen <61205>;;;;;;;;
GRGEMAKT-61206;Ardning <61206>;;;;;;;;
GRGEMAKT-61207;Bad Aussee <61207>;;;;;;;;
GRGEMAKT-61255;Bad Mitterndorf <61255>;;;;;;;;
GRGEMAKT-61256;Gaishorn am See <61256>;;;;;;;;
GRGEMAKT-61213;Gröbming <61213>;;;;;;;;
GRGEMAKT-61215;Grundlsee <61215>;;;;;;;;
GRGEMAKT-61217;Haus <61217>;;;;;;;;
GRGEMAKT-61257;Irdning-Donnersbachtal <61257>;;;;;;;;
GRGEMAKT-61258;Landl <61258>;;;;;;;;
GRGEMAKT-61222;Lassing <61222>;;;;;;;;
GRGEMAKT-61259;Liezen <61259>;;;;;;;;
GRGEMAKT-61260;Michaelerberg-Pruggern <61260>;;;;;;;;
GRGEMAKT-61261;Mitterberg-Sankt Martin <61261>;;;;;;;;
GRGEMAKT-61262;Öblarn <61262>;;;;;;;;
GRGEMAKT-61236;Ramsau am Dachstein <61236>;;;;;;;;
GRGEMAKT-61263;Rottenmann <61263>;;;;;;;;
GRGEMAKT-61264;Sankt Gallen <61264>;;;;;;;;
GRGEMAKT-61265;Schladming <61265>;;;;;;;;
GRGEMAKT-61243;Selzthal <61243>;;;;;;;;
GRGEMAKT-61266;Sölk <61266>;;;;;;;;
GRGEMAKT-61267;Stainach-Pürgg <61267>;;;;;;;;
GRGEMAKT-61247;Trieben <61247>;;;;;;;;
GRGEMAKT-61251;Wildalpen <61251>;;;;;;;;
GRGEMAKT-61252;Wörschach <61252>;;;;;;;;
GRGEMAKT-61437;Krakau <61437>;;;;;;;;
GRGEMAKT-61410;Mühlen <61410>;;;;;;;;
GRGEMAKT-61438;Murau <61438>;;;;;;;;
GRGEMAKT-61439;Neumarkt in der Steiermark <61439>;;;;;;;;
GRGEMAKT-61413;Niederwölz <61413>;;;;;;;;
GRGEMAKT-61440;Oberwölz  <61440>;;;;;;;;
GRGEMAKT-61441;Ranten <61441>;;;;;;;;
GRGEMAKT-61442;Sankt Georgen am Kreischberg <61442>;;;;;;;;
GRGEMAKT-61443;Sankt Lambrecht <61443>;;;;;;;;
GRGEMAKT-61425;Sankt Peter am Kammersberg <61425>;;;;;;;;
GRGEMAKT-61444;Scheifling <61444>;;;;;;;;
GRGEMAKT-61428;Schöder <61428>;;;;;;;;
GRGEMAKT-61445;Stadl-Predlitz <61445>;;;;;;;;
GRGEMAKT-61446;Teufenbach-Katsch <61446>;;;;;;;;
GRGEMAKT-61626;Bärnbach <61626>;;;;;;;;
GRGEMAKT-61627;Edelschrott <61627>;;;;;;;;
GRGEMAKT-61628;Geistthal-Södingberg <61628>;;;;;;;;
GRGEMAKT-61629;Hirschegg-Pack <61629>;;;;;;;;
GRGEMAKT-61630;Kainach bei Voitsberg <61630>;;;;;;;;
GRGEMAKT-61631;Köflach <61631>;;;;;;;;
GRGEMAKT-61611;Krottendorf-Gaisfeld <61611>;;;;;;;;
GRGEMAKT-61612;Ligist <61612>;;;;;;;;
GRGEMAKT-61632;Maria Lankowitz <61632>;;;;;;;;
GRGEMAKT-61615;Mooskirchen <61615>;;;;;;;;
GRGEMAKT-61618;Rosental an der Kainach <61618>;;;;;;;;
GRGEMAKT-61621;Sankt Martin am Wöllmißberg <61621>;;;;;;;;
GRGEMAKT-61633;Söding-Sankt Johann <61633>;;;;;;;;
GRGEMAKT-61624;Stallhofen <61624>;;;;;;;;
GRGEMAKT-61625;Voitsberg <61625>;;;;;;;;
GRGEMAKT-61701;Albersdorf-Prebuch <61701>;;;;;;;;
GRGEMAKT-61756;Anger <61756>;;;;;;;;
GRGEMAKT-61757;Birkfeld <61757>;;;;;;;;
GRGEMAKT-61708;Fischbach <61708>;;;;;;;;
GRGEMAKT-61758;Fladnitz an der Teichalm <61758>;;;;;;;;
GRGEMAKT-61710;Floing <61710>;;;;;;;;
GRGEMAKT-61711;Gasen <61711>;;;;;;;;
GRGEMAKT-61759;Gersdorf an der Feistritz <61759>;;;;;;;;
GRGEMAKT-61760;Gleisdorf <61760>;;;;;;;;
GRGEMAKT-61761;Gutenberg-Stenzengreith <61761>;;;;;;;;
GRGEMAKT-61719;Hofstätten an der Raab <61719>;;;;;;;;
GRGEMAKT-61762;Ilztal <61762>;;;;;;;;
GRGEMAKT-61727;Ludersdorf-Wilfersdorf <61727>;;;;;;;;
GRGEMAKT-61716;Markt Hartmannsdorf <61716>;;;;;;;;
GRGEMAKT-61728;Miesenbach bei Birkfeld <61728>;;;;;;;;
GRGEMAKT-61729;Mitterdorf an der Raab <61729>;;;;;;;;
GRGEMAKT-61730;Mortantsch <61730>;;;;;;;;
GRGEMAKT-61731;Naas <61731>;;;;;;;;
GRGEMAKT-61763;Passail <61763>;;;;;;;;
GRGEMAKT-61764;Pischelsdorf am Kulm <61764>;;;;;;;;
GRGEMAKT-61740;Puch bei Weiz <61740>;;;;;;;;
GRGEMAKT-61741;Ratten <61741>;;;;;;;;
GRGEMAKT-61743;Rettenegg <61743>;;;;;;;;
GRGEMAKT-61744;Sankt Kathrein am Hauenstein <61744>;;;;;;;;
GRGEMAKT-61745;Sankt Kathrein am Offenegg <61745>;;;;;;;;
GRGEMAKT-61746;Sankt Margarethen an der Raab <61746>;;;;;;;;
GRGEMAKT-61765;Sankt Ruprecht an der Raab <61765>;;;;;;;;
GRGEMAKT-61748;Sinabelkirchen <61748>;;;;;;;;
GRGEMAKT-61750;Strallegg <61750>;;;;;;;;
GRGEMAKT-61751;Thannhausen <61751>;;;;;;;;
GRGEMAKT-61766;Weiz <61766>;;;;;;;;
GRGEMAKT-62007;Fohnsdorf <62007>;;;;;;;;
GRGEMAKT-62008;Gaal <62008>;;;;;;;;
GRGEMAKT-62010;Hohentauern <62010>;;;;;;;;
GRGEMAKT-62040;Judenburg <62040>;;;;;;;;
GRGEMAKT-62041;Knittelfeld <62041>;;;;;;;;
GRGEMAKT-62014;Kobenz <62014>;;;;;;;;
GRGEMAKT-62039;Lobmingtal <62039>;;;;;;;;
GRGEMAKT-62042;Obdach <62042>;;;;;;;;
GRGEMAKT-62043;Pöls-Oberkurzheim <62043>;;;;;;;;
GRGEMAKT-62044;Pölstal <62044>;;;;;;;;
GRGEMAKT-62021;Pusterwald <62021>;;;;;;;;
GRGEMAKT-62026;Sankt Georgen ob Judenburg <62026>;;;;;;;;
GRGEMAKT-62045;Sankt Marein-Feistritz <62045>;;;;;;;;
GRGEMAKT-62046;Sankt Margarethen bei Knittelfeld <62046>;;;;;;;;
GRGEMAKT-62032;Sankt Peter ob Judenburg <62032>;;;;;;;;
GRGEMAKT-62034;Seckau <62034>;;;;;;;;
GRGEMAKT-62047;Spielberg <62047>;;;;;;;;
GRGEMAKT-62036;Unzmarkt-Frauenburg <62036>;;;;;;;;
GRGEMAKT-62048;Weißkirchen in Steiermark <62048>;;;;;;;;
GRGEMAKT-62038;Zeltweg <62038>;;;;;;;;
GRGEMAKT-62138;Aflenz  <62138>;;;;;;;;
GRGEMAKT-62105;Breitenau am Hochlantsch <62105>;;;;;;;;
GRGEMAKT-62139;Bruck an der Mur <62139>;;;;;;;;
GRGEMAKT-62140;Kapfenberg <62140>;;;;;;;;
GRGEMAKT-62141;Kindberg <62141>;;;;;;;;
GRGEMAKT-62115;Krieglach <62115>;;;;;;;;
GRGEMAKT-62116;Langenwang <62116>;;;;;;;;
GRGEMAKT-62142;Mariazell <62142>;;;;;;;;
GRGEMAKT-62143;Mürzzuschlag <62143>;;;;;;;;
GRGEMAKT-62144;Neuberg an der Mürz <62144>;;;;;;;;
GRGEMAKT-62125;Pernegg an der Mur <62125>;;;;;;;;
GRGEMAKT-62145;Sankt Barbara im Mürztal <62145>;;;;;;;;
GRGEMAKT-62128;Sankt Lorenzen im Mürztal <62128>;;;;;;;;
GRGEMAKT-62146;Sankt Marein im Mürztal <62146>;;;;;;;;
GRGEMAKT-62131;Spital am Semmering <62131>;;;;;;;;
GRGEMAKT-62132;Stanz im Mürztal <62132>;;;;;;;;
GRGEMAKT-62147;Thörl <62147>;;;;;;;;
GRGEMAKT-62148;Tragöß-Sankt Katharein <62148>;;;;;;;;
GRGEMAKT-62135;Turnau <62135>;;;;;;;;
GRGEMAKT-62202;Bad Blumau <62202>;;;;;;;;
GRGEMAKT-62264;Bad Waltersdorf <62264>;;;;;;;;
GRGEMAKT-62205;Buch-St. Magdalena <62205>;;;;;;;;
GRGEMAKT-62206;Burgau <62206>;;;;;;;;
GRGEMAKT-62265;Dechantskirchen <62265>;;;;;;;;
GRGEMAKT-62209;Ebersdorf <62209>;;;;;;;;
GRGEMAKT-62266;Feistritztal <62266>;;;;;;;;
GRGEMAKT-62211;Friedberg <62211>;;;;;;;;
GRGEMAKT-62267;Fürstenfeld <62267>;;;;;;;;
GRGEMAKT-62268;Grafendorf bei Hartberg <62268>;;;;;;;;
GRGEMAKT-62214;Greinbach <62214>;;;;;;;;
GRGEMAKT-62216;Großsteinbach <62216>;;;;;;;;
GRGEMAKT-62269;Großwilfersdorf <62269>;;;;;;;;
GRGEMAKT-62219;Hartberg <62219>;;;;;;;;
GRGEMAKT-62220;Hartberg Umgebung <62220>;;;;;;;;
GRGEMAKT-62270;Hartl <62270>;;;;;;;;
GRGEMAKT-62271;Ilz <62271>;;;;;;;;
GRGEMAKT-62272;Kaindorf <62272>;;;;;;;;
GRGEMAKT-62226;Lafnitz <62226>;;;;;;;;
GRGEMAKT-62273;Loipersdorf bei Fürstenfeld <62273>;;;;;;;;
GRGEMAKT-62274;Neudau <62274>;;;;;;;;
GRGEMAKT-62232;Ottendorf an der Rittschein <62232>;;;;;;;;
GRGEMAKT-62233;Pinggau <62233>;;;;;;;;
GRGEMAKT-62275;Pöllau <62275>;;;;;;;;
GRGEMAKT-62235;Pöllauberg <62235>;;;;;;;;
GRGEMAKT-62276;Rohr bei Hartberg <62276>;;;;;;;;
GRGEMAKT-62277;Rohrbach an der Lafnitz <62277>;;;;;;;;
GRGEMAKT-62242;Sankt Jakob im Walde <62242>;;;;;;;;
GRGEMAKT-62244;Sankt Johann in der Haide <62244>;;;;;;;;
GRGEMAKT-62245;Sankt Lorenzen am Wechsel <62245>;;;;;;;;
GRGEMAKT-62247;Schäffern <62247>;;;;;;;;
GRGEMAKT-62252;Söchau <62252>;;;;;;;;
GRGEMAKT-62256;Stubenberg <62256>;;;;;;;;
GRGEMAKT-62278;Vorau <62278>;;;;;;;;
GRGEMAKT-62279;Waldbach-Mönichwald <62279>;;;;;;;;
GRGEMAKT-62262;Wenigzell <62262>;;;;;;;;
GRGEMAKT-62375;Bad Gleichenberg <62375>;;;;;;;;
GRGEMAKT-62376;Bad Radkersburg <62376>;;;;;;;;
GRGEMAKT-62377;Deutsch Goritz <62377>;;;;;;;;
GRGEMAKT-62311;Edelsbach bei Feldbach <62311>;;;;;;;;
GRGEMAKT-62314;Eichkögl <62314>;;;;;;;;
GRGEMAKT-62378;Fehring <62378>;;;;;;;;
GRGEMAKT-62379;Feldbach <62379>;;;;;;;;
GRGEMAKT-62380;Gnas <62380>;;;;;;;;
GRGEMAKT-62326;Halbenrain <62326>;;;;;;;;
GRGEMAKT-62330;Jagerberg <62330>;;;;;;;;
GRGEMAKT-62332;Kapfenstein <62332>;;;;;;;;
GRGEMAKT-62381;Kirchbach-Zerlach <62381>;;;;;;;;
GRGEMAKT-62382;Kirchberg an der Raab <62382>;;;;;;;;
GRGEMAKT-62335;Klöch <62335>;;;;;;;;
GRGEMAKT-62343;Mettersdorf am Saßbach <62343>;;;;;;;;
GRGEMAKT-62383;Mureck <62383>;;;;;;;;
GRGEMAKT-62384;Paldau <62384>;;;;;;;;
GRGEMAKT-62385;Pirching am Traubenberg <62385>;;;;;;;;
GRGEMAKT-62386;Riegersburg <62386>;;;;;;;;
GRGEMAKT-62387;Sankt Anna am Aigen <62387>;;;;;;;;
GRGEMAKT-62388;Sankt Peter am Ottersbach <62388>;;;;;;;;
GRGEMAKT-62389;Sankt Stefan im Rosental <62389>;;;;;;;;
GRGEMAKT-62390;Straden <62390>;;;;;;;;
GRGEMAKT-62368;Tieschen <62368>;;;;;;;;
GRGEMAKT-62372;Unterlamm <62372>;;;;;;;;
GRGEMAKT-70101;Innsbruck <70101>;;;;;;;;
GRGEMAKT-70201;Arzl im Pitztal <70201>;;;;;;;;
GRGEMAKT-70202;Haiming <70202>;;;;;;;;
GRGEMAKT-70203;Imst <70203>;;;;;;;;
GRGEMAKT-70204;Imsterberg <70204>;;;;;;;;
GRGEMAKT-70205;Jerzens <70205>;;;;;;;;
GRGEMAKT-70206;Karres <70206>;;;;;;;;
GRGEMAKT-70207;Karrösten <70207>;;;;;;;;
GRGEMAKT-70208;Längenfeld <70208>;;;;;;;;
GRGEMAKT-70209;Mieming <70209>;;;;;;;;
GRGEMAKT-70210;Mils bei Imst <70210>;;;;;;;;
GRGEMAKT-70211;Mötz <70211>;;;;;;;;
GRGEMAKT-70212;Nassereith <70212>;;;;;;;;
GRGEMAKT-70213;Obsteig <70213>;;;;;;;;
GRGEMAKT-70214;Oetz <70214>;;;;;;;;
GRGEMAKT-70215;Rietz <70215>;;;;;;;;
GRGEMAKT-70216;Roppen <70216>;;;;;;;;
GRGEMAKT-70217;Sankt Leonhard im Pitztal <70217>;;;;;;;;
GRGEMAKT-70218;Sautens <70218>;;;;;;;;
GRGEMAKT-70219;Silz <70219>;;;;;;;;
GRGEMAKT-70220;Sölden <70220>;;;;;;;;
GRGEMAKT-70221;Stams <70221>;;;;;;;;
GRGEMAKT-70222;Tarrenz <70222>;;;;;;;;
GRGEMAKT-70223;Umhausen <70223>;;;;;;;;
GRGEMAKT-70224;Wenns <70224>;;;;;;;;
GRGEMAKT-70301;Absam <70301>;;;;;;;;
GRGEMAKT-70302;Aldrans <70302>;;;;;;;;
GRGEMAKT-70303;Ampass <70303>;;;;;;;;
GRGEMAKT-70304;Axams <70304>;;;;;;;;
GRGEMAKT-70305;Baumkirchen <70305>;;;;;;;;
GRGEMAKT-70306;Birgitz <70306>;;;;;;;;
GRGEMAKT-70307;Ellbögen <70307>;;;;;;;;
GRGEMAKT-70308;Flaurling <70308>;;;;;;;;
GRGEMAKT-70309;Fritzens <70309>;;;;;;;;
GRGEMAKT-70310;Fulpmes <70310>;;;;;;;;
GRGEMAKT-70311;Gnadenwald <70311>;;;;;;;;
GRGEMAKT-70312;Götzens <70312>;;;;;;;;
GRGEMAKT-70313;Gries am Brenner <70313>;;;;;;;;
GRGEMAKT-70314;Gries im Sellrain <70314>;;;;;;;;
GRGEMAKT-70315;Grinzens <70315>;;;;;;;;
GRGEMAKT-70317;Gschnitz <70317>;;;;;;;;
GRGEMAKT-70354;Hall in Tirol <70354>;;;;;;;;
GRGEMAKT-70318;Hatting <70318>;;;;;;;;
GRGEMAKT-70319;Inzing <70319>;;;;;;;;
GRGEMAKT-70320;Kematen in Tirol <70320>;;;;;;;;
GRGEMAKT-70322;Kolsass <70322>;;;;;;;;
GRGEMAKT-70323;Kolsassberg <70323>;;;;;;;;
GRGEMAKT-70325;Lans <70325>;;;;;;;;
GRGEMAKT-70326;Leutasch <70326>;;;;;;;;
GRGEMAKT-70370;Matrei am Brenner <70370>;;;;;;;;
GRGEMAKT-70328;Mieders <70328>;;;;;;;;
GRGEMAKT-70329;Mils <70329>;;;;;;;;
GRGEMAKT-70331;Mutters <70331>;;;;;;;;
GRGEMAKT-70332;Natters <70332>;;;;;;;;
GRGEMAKT-70333;Navis <70333>;;;;;;;;
GRGEMAKT-70334;Neustift im Stubaital <70334>;;;;;;;;
GRGEMAKT-70335;Oberhofen im Inntal <70335>;;;;;;;;
GRGEMAKT-70336;Obernberg am Brenner <70336>;;;;;;;;
GRGEMAKT-70337;Oberperfuss <70337>;;;;;;;;
GRGEMAKT-70338;Patsch <70338>;;;;;;;;
GRGEMAKT-70339;Pettnau <70339>;;;;;;;;
GRGEMAKT-70340;Pfaffenhofen <70340>;;;;;;;;
GRGEMAKT-70342;Polling in Tirol <70342>;;;;;;;;
GRGEMAKT-70343;Ranggen <70343>;;;;;;;;
GRGEMAKT-70344;Reith bei Seefeld <70344>;;;;;;;;
GRGEMAKT-70345;Rinn <70345>;;;;;;;;
GRGEMAKT-70346;Rum <70346>;;;;;;;;
GRGEMAKT-70347;Sankt Sigmund im Sellrain <70347>;;;;;;;;
GRGEMAKT-70348;Scharnitz <70348>;;;;;;;;
GRGEMAKT-70349;Schmirn <70349>;;;;;;;;
GRGEMAKT-70350;Schönberg im Stubaital <70350>;;;;;;;;
GRGEMAKT-70351;Seefeld in Tirol <70351>;;;;;;;;
GRGEMAKT-70352;Sellrain <70352>;;;;;;;;
GRGEMAKT-70353;Sistrans <70353>;;;;;;;;
GRGEMAKT-70355;Steinach am Brenner <70355>;;;;;;;;
GRGEMAKT-70356;Telfes im Stubai <70356>;;;;;;;;
GRGEMAKT-70357;Telfs <70357>;;;;;;;;
GRGEMAKT-70358;Thaur <70358>;;;;;;;;
GRGEMAKT-70359;Trins <70359>;;;;;;;;
GRGEMAKT-70360;Tulfes <70360>;;;;;;;;
GRGEMAKT-70361;Unterperfuss <70361>;;;;;;;;
GRGEMAKT-70362;Vals <70362>;;;;;;;;
GRGEMAKT-70365;Volders <70365>;;;;;;;;
GRGEMAKT-70364;Völs <70364>;;;;;;;;
GRGEMAKT-70366;Wattenberg <70366>;;;;;;;;
GRGEMAKT-70367;Wattens <70367>;;;;;;;;
GRGEMAKT-70368;Wildermieming <70368>;;;;;;;;
GRGEMAKT-70369;Zirl <70369>;;;;;;;;
GRGEMAKT-70401;Aurach bei Kitzbühel <70401>;;;;;;;;
GRGEMAKT-70402;Brixen im Thale <70402>;;;;;;;;
GRGEMAKT-70403;Fieberbrunn <70403>;;;;;;;;
GRGEMAKT-70404;Going am Wilden Kaiser <70404>;;;;;;;;
GRGEMAKT-70405;Hochfilzen <70405>;;;;;;;;
GRGEMAKT-70406;Hopfgarten im Brixental <70406>;;;;;;;;
GRGEMAKT-70407;Itter <70407>;;;;;;;;
GRGEMAKT-70408;Jochberg <70408>;;;;;;;;
GRGEMAKT-70409;Kirchberg in Tirol <70409>;;;;;;;;
GRGEMAKT-70410;Kirchdorf in Tirol <70410>;;;;;;;;
GRGEMAKT-70411;Kitzbühel <70411>;;;;;;;;
GRGEMAKT-70412;Kössen <70412>;;;;;;;;
GRGEMAKT-70413;Oberndorf in Tirol <70413>;;;;;;;;
GRGEMAKT-70414;Reith bei Kitzbühel <70414>;;;;;;;;
GRGEMAKT-70415;Sankt Jakob in Haus <70415>;;;;;;;;
GRGEMAKT-70416;Sankt Johann in Tirol <70416>;;;;;;;;
GRGEMAKT-70417;Sankt Ulrich am Pillersee <70417>;;;;;;;;
GRGEMAKT-70418;Schwendt <70418>;;;;;;;;
GRGEMAKT-70419;Waidring <70419>;;;;;;;;
GRGEMAKT-70420;Westendorf <70420>;;;;;;;;
GRGEMAKT-70501;Alpbach <70501>;;;;;;;;
GRGEMAKT-70502;Angath <70502>;;;;;;;;
GRGEMAKT-70528;Angerberg <70528>;;;;;;;;
GRGEMAKT-70503;Bad Häring <70503>;;;;;;;;
GRGEMAKT-70504;Brandenberg <70504>;;;;;;;;
GRGEMAKT-70505;Breitenbach am Inn <70505>;;;;;;;;
GRGEMAKT-70506;Brixlegg <70506>;;;;;;;;
GRGEMAKT-70508;Ebbs <70508>;;;;;;;;
GRGEMAKT-70509;Ellmau <70509>;;;;;;;;
GRGEMAKT-70510;Erl <70510>;;;;;;;;
GRGEMAKT-70511;Kirchbichl <70511>;;;;;;;;
GRGEMAKT-70512;Kramsach <70512>;;;;;;;;
GRGEMAKT-70513;Kufstein <70513>;;;;;;;;
GRGEMAKT-70514;Kundl <70514>;;;;;;;;
GRGEMAKT-70515;Langkampfen <70515>;;;;;;;;
GRGEMAKT-70516;Mariastein <70516>;;;;;;;;
GRGEMAKT-70517;Münster <70517>;;;;;;;;
GRGEMAKT-70518;Niederndorf <70518>;;;;;;;;
GRGEMAKT-70519;Niederndorferberg <70519>;;;;;;;;
GRGEMAKT-70520;Radfeld <70520>;;;;;;;;
GRGEMAKT-70521;Rattenberg <70521>;;;;;;;;
GRGEMAKT-70522;Reith im Alpbachtal <70522>;;;;;;;;
GRGEMAKT-70523;Rettenschöss <70523>;;;;;;;;
GRGEMAKT-70524;Scheffau am Wilden Kaiser <70524>;;;;;;;;
GRGEMAKT-70525;Schwoich <70525>;;;;;;;;
GRGEMAKT-70526;Söll <70526>;;;;;;;;
GRGEMAKT-70527;Thiersee <70527>;;;;;;;;
GRGEMAKT-70529;Walchsee <70529>;;;;;;;;
GRGEMAKT-70530;Wildschönau <70530>;;;;;;;;
GRGEMAKT-70531;Wörgl <70531>;;;;;;;;
GRGEMAKT-70601;Faggen <70601>;;;;;;;;
GRGEMAKT-70602;Fendels <70602>;;;;;;;;
GRGEMAKT-70603;Fiss <70603>;;;;;;;;
GRGEMAKT-70604;Fließ <70604>;;;;;;;;
GRGEMAKT-70605;Flirsch <70605>;;;;;;;;
GRGEMAKT-70606;Galtür <70606>;;;;;;;;
GRGEMAKT-70607;Grins <70607>;;;;;;;;
GRGEMAKT-70608;Ischgl <70608>;;;;;;;;
GRGEMAKT-70609;Kappl <70609>;;;;;;;;
GRGEMAKT-70610;Kaunerberg <70610>;;;;;;;;
GRGEMAKT-70611;Kaunertal <70611>;;;;;;;;
GRGEMAKT-70612;Kauns <70612>;;;;;;;;
GRGEMAKT-70613;Ladis <70613>;;;;;;;;
GRGEMAKT-70614;Landeck <70614>;;;;;;;;
GRGEMAKT-70615;Nauders <70615>;;;;;;;;
GRGEMAKT-70616;Pettneu am Arlberg <70616>;;;;;;;;
GRGEMAKT-70617;Pfunds <70617>;;;;;;;;
GRGEMAKT-70618;Pians <70618>;;;;;;;;
GRGEMAKT-70619;Prutz <70619>;;;;;;;;
GRGEMAKT-70620;Ried im Oberinntal <70620>;;;;;;;;
GRGEMAKT-70621;Sankt Anton am Arlberg <70621>;;;;;;;;
GRGEMAKT-70622;Schönwies <70622>;;;;;;;;
GRGEMAKT-70623;See <70623>;;;;;;;;
GRGEMAKT-70624;Serfaus <70624>;;;;;;;;
GRGEMAKT-70625;Spiss <70625>;;;;;;;;
GRGEMAKT-70626;Stanz bei Landeck <70626>;;;;;;;;
GRGEMAKT-70627;Strengen <70627>;;;;;;;;
GRGEMAKT-70628;Tobadill <70628>;;;;;;;;
GRGEMAKT-70629;Tösens <70629>;;;;;;;;
GRGEMAKT-70630;Zams <70630>;;;;;;;;
GRGEMAKT-70701;Abfaltersbach <70701>;;;;;;;;
GRGEMAKT-70702;Ainet <70702>;;;;;;;;
GRGEMAKT-70703;Amlach <70703>;;;;;;;;
GRGEMAKT-70704;Anras <70704>;;;;;;;;
GRGEMAKT-70705;Assling <70705>;;;;;;;;
GRGEMAKT-70706;Außervillgraten <70706>;;;;;;;;
GRGEMAKT-70707;Dölsach <70707>;;;;;;;;
GRGEMAKT-70708;Gaimberg <70708>;;;;;;;;
GRGEMAKT-70735;Heinfels <70735>;;;;;;;;
GRGEMAKT-70709;Hopfgarten in Defereggen <70709>;;;;;;;;
GRGEMAKT-70710;Innervillgraten <70710>;;;;;;;;
GRGEMAKT-70711;Iselsberg-Stronach <70711>;;;;;;;;
GRGEMAKT-70712;Kals am Großglockner <70712>;;;;;;;;
GRGEMAKT-70713;Kartitsch <70713>;;;;;;;;
GRGEMAKT-70714;Lavant <70714>;;;;;;;;
GRGEMAKT-70715;Leisach <70715>;;;;;;;;
GRGEMAKT-70716;Lienz <70716>;;;;;;;;
GRGEMAKT-70717;Matrei in Osttirol <70717>;;;;;;;;
GRGEMAKT-70718;Nikolsdorf <70718>;;;;;;;;
GRGEMAKT-70719;Nußdorf-Debant <70719>;;;;;;;;
GRGEMAKT-70720;Oberlienz <70720>;;;;;;;;
GRGEMAKT-70721;Obertilliach <70721>;;;;;;;;
GRGEMAKT-70723;Prägraten am Großvenediger <70723>;;;;;;;;
GRGEMAKT-70724;Sankt Jakob in Defereggen <70724>;;;;;;;;
GRGEMAKT-70725;Sankt Johann im Walde <70725>;;;;;;;;
GRGEMAKT-70726;Sankt Veit in Defereggen <70726>;;;;;;;;
GRGEMAKT-70727;Schlaiten <70727>;;;;;;;;
GRGEMAKT-70728;Sillian <70728>;;;;;;;;
GRGEMAKT-70729;Strassen <70729>;;;;;;;;
GRGEMAKT-70731;Thurn <70731>;;;;;;;;
GRGEMAKT-70732;Tristach <70732>;;;;;;;;
GRGEMAKT-70733;Untertilliach <70733>;;;;;;;;
GRGEMAKT-70734;Virgen <70734>;;;;;;;;
GRGEMAKT-70801;Bach <70801>;;;;;;;;
GRGEMAKT-70802;Berwang <70802>;;;;;;;;
GRGEMAKT-70803;Biberwier <70803>;;;;;;;;
GRGEMAKT-70804;Bichlbach <70804>;;;;;;;;
GRGEMAKT-70805;Breitenwang <70805>;;;;;;;;
GRGEMAKT-70806;Ehenbichl <70806>;;;;;;;;
GRGEMAKT-70807;Ehrwald <70807>;;;;;;;;
GRGEMAKT-70808;Elbigenalp <70808>;;;;;;;;
GRGEMAKT-70809;Elmen <70809>;;;;;;;;
GRGEMAKT-70810;Forchach <70810>;;;;;;;;
GRGEMAKT-70812;Gramais <70812>;;;;;;;;
GRGEMAKT-70811;Grän <70811>;;;;;;;;
GRGEMAKT-70813;Häselgehr <70813>;;;;;;;;
GRGEMAKT-70814;Heiterwang <70814>;;;;;;;;
GRGEMAKT-70815;Hinterhornbach <70815>;;;;;;;;
GRGEMAKT-70816;Höfen <70816>;;;;;;;;
GRGEMAKT-70817;Holzgau <70817>;;;;;;;;
GRGEMAKT-70818;Jungholz <70818>;;;;;;;;
GRGEMAKT-70819;Kaisers <70819>;;;;;;;;
GRGEMAKT-70820;Lechaschau <70820>;;;;;;;;
GRGEMAKT-70821;Lermoos <70821>;;;;;;;;
GRGEMAKT-70822;Musau <70822>;;;;;;;;
GRGEMAKT-70823;Namlos <70823>;;;;;;;;
GRGEMAKT-70824;Nesselwängle <70824>;;;;;;;;
GRGEMAKT-70825;Pfafflar <70825>;;;;;;;;
GRGEMAKT-70826;Pflach <70826>;;;;;;;;
GRGEMAKT-70827;Pinswang <70827>;;;;;;;;
GRGEMAKT-70828;Reutte <70828>;;;;;;;;
GRGEMAKT-70829;Schattwald <70829>;;;;;;;;
GRGEMAKT-70830;Stanzach <70830>;;;;;;;;
GRGEMAKT-70831;Steeg <70831>;;;;;;;;
GRGEMAKT-70832;Tannheim <70832>;;;;;;;;
GRGEMAKT-70833;Vils <70833>;;;;;;;;
GRGEMAKT-70834;Vorderhornbach <70834>;;;;;;;;
GRGEMAKT-70835;Wängle <70835>;;;;;;;;
GRGEMAKT-70836;Weißenbach am Lech <70836>;;;;;;;;
GRGEMAKT-70837;Zöblen <70837>;;;;;;;;
GRGEMAKT-70901;Achenkirch <70901>;;;;;;;;
GRGEMAKT-70902;Aschau im Zillertal <70902>;;;;;;;;
GRGEMAKT-70903;Brandberg <70903>;;;;;;;;
GRGEMAKT-70904;Bruck am Ziller <70904>;;;;;;;;
GRGEMAKT-70905;Buch in Tirol <70905>;;;;;;;;
GRGEMAKT-70907;Eben am Achensee <70907>;;;;;;;;
GRGEMAKT-70908;Finkenberg <70908>;;;;;;;;
GRGEMAKT-70909;Fügen <70909>;;;;;;;;
GRGEMAKT-70910;Fügenberg <70910>;;;;;;;;
GRGEMAKT-70911;Gallzein <70911>;;;;;;;;
GRGEMAKT-70912;Gerlos <70912>;;;;;;;;
GRGEMAKT-70913;Gerlosberg <70913>;;;;;;;;
GRGEMAKT-70914;Hainzenberg <70914>;;;;;;;;
GRGEMAKT-70915;Hart im Zillertal <70915>;;;;;;;;
GRGEMAKT-70916;Hippach <70916>;;;;;;;;
GRGEMAKT-70917;Jenbach <70917>;;;;;;;;
GRGEMAKT-70918;Kaltenbach <70918>;;;;;;;;
GRGEMAKT-70920;Mayrhofen <70920>;;;;;;;;
GRGEMAKT-70921;Pill <70921>;;;;;;;;
GRGEMAKT-70922;Ramsau im Zillertal <70922>;;;;;;;;
GRGEMAKT-70923;Ried im Zillertal <70923>;;;;;;;;
GRGEMAKT-70924;Rohrberg <70924>;;;;;;;;
GRGEMAKT-70925;Schlitters <70925>;;;;;;;;
GRGEMAKT-70926;Schwaz <70926>;;;;;;;;
GRGEMAKT-70927;Schwendau <70927>;;;;;;;;
GRGEMAKT-70928;Stans <70928>;;;;;;;;
GRGEMAKT-70929;Steinberg am Rofan <70929>;;;;;;;;
GRGEMAKT-70930;Strass im Zillertal <70930>;;;;;;;;
GRGEMAKT-70931;Stumm <70931>;;;;;;;;
GRGEMAKT-70932;Stummerberg <70932>;;;;;;;;
GRGEMAKT-70933;Terfens <70933>;;;;;;;;
GRGEMAKT-70934;Tux <70934>;;;;;;;;
GRGEMAKT-70935;Uderns <70935>;;;;;;;;
GRGEMAKT-70936;Vomp <70936>;;;;;;;;
GRGEMAKT-70937;Weer <70937>;;;;;;;;
GRGEMAKT-70938;Weerberg <70938>;;;;;;;;
GRGEMAKT-70939;Wiesing <70939>;;;;;;;;
GRGEMAKT-70940;Zell am Ziller <70940>;;;;;;;;
GRGEMAKT-70941;Zellberg <70941>;;;;;;;;
GRGEMAKT-80101;Bartholomäberg <80101>;;;;;;;;
GRGEMAKT-80102;Blons <80102>;;;;;;;;
GRGEMAKT-80103;Bludenz <80103>;;;;;;;;
GRGEMAKT-80104;Bludesch <80104>;;;;;;;;
GRGEMAKT-80105;Brand <80105>;;;;;;;;
GRGEMAKT-80106;Bürs <80106>;;;;;;;;
GRGEMAKT-80107;Bürserberg <80107>;;;;;;;;
GRGEMAKT-80108;Dalaas <80108>;;;;;;;;
GRGEMAKT-80109;Fontanella <80109>;;;;;;;;
GRGEMAKT-80110;Gaschurn <80110>;;;;;;;;
GRGEMAKT-80111;Innerbraz <80111>;;;;;;;;
GRGEMAKT-80112;Klösterle <80112>;;;;;;;;
GRGEMAKT-80113;Lech <80113>;;;;;;;;
GRGEMAKT-80114;Lorüns <80114>;;;;;;;;
GRGEMAKT-80115;Ludesch <80115>;;;;;;;;
GRGEMAKT-80116;Nenzing <80116>;;;;;;;;
GRGEMAKT-80117;Nüziders <80117>;;;;;;;;
GRGEMAKT-80118;Raggal <80118>;;;;;;;;
GRGEMAKT-80119;Sankt Anton im Montafon <80119>;;;;;;;;
GRGEMAKT-80120;Sankt Gallenkirch <80120>;;;;;;;;
GRGEMAKT-80121;Sankt Gerold <80121>;;;;;;;;
GRGEMAKT-80122;Schruns <80122>;;;;;;;;
GRGEMAKT-80123;Silbertal <80123>;;;;;;;;
GRGEMAKT-80124;Sonntag <80124>;;;;;;;;
GRGEMAKT-80125;Stallehr <80125>;;;;;;;;
GRGEMAKT-80126;Thüringen <80126>;;;;;;;;
GRGEMAKT-80127;Thüringerberg <80127>;;;;;;;;
GRGEMAKT-80128;Tschagguns <80128>;;;;;;;;
GRGEMAKT-80129;Vandans <80129>;;;;;;;;
GRGEMAKT-80201;Alberschwende <80201>;;;;;;;;
GRGEMAKT-80202;Andelsbuch <80202>;;;;;;;;
GRGEMAKT-80203;Au <80203>;;;;;;;;
GRGEMAKT-80204;Bezau <80204>;;;;;;;;
GRGEMAKT-80205;Bildstein <80205>;;;;;;;;
GRGEMAKT-80206;Bizau <80206>;;;;;;;;
GRGEMAKT-80207;Bregenz <80207>;;;;;;;;
GRGEMAKT-80208;Buch <80208>;;;;;;;;
GRGEMAKT-80209;Damüls <80209>;;;;;;;;
GRGEMAKT-80210;Doren <80210>;;;;;;;;
GRGEMAKT-80211;Egg <80211>;;;;;;;;
GRGEMAKT-80212;Eichenberg <80212>;;;;;;;;
GRGEMAKT-80213;Fußach <80213>;;;;;;;;
GRGEMAKT-80214;Gaißau <80214>;;;;;;;;
GRGEMAKT-80215;Hard <80215>;;;;;;;;
GRGEMAKT-80216;Hittisau <80216>;;;;;;;;
GRGEMAKT-80217;Höchst <80217>;;;;;;;;
GRGEMAKT-80219;Hohenweiler <80219>;;;;;;;;
GRGEMAKT-80218;Hörbranz <80218>;;;;;;;;
GRGEMAKT-80220;Kennelbach <80220>;;;;;;;;
GRGEMAKT-80221;Krumbach <80221>;;;;;;;;
GRGEMAKT-80222;Langen bei Bregenz <80222>;;;;;;;;
GRGEMAKT-80223;Langenegg <80223>;;;;;;;;
GRGEMAKT-80224;Lauterach <80224>;;;;;;;;
GRGEMAKT-80225;Lingenau <80225>;;;;;;;;
GRGEMAKT-80226;Lochau <80226>;;;;;;;;
GRGEMAKT-80227;Mellau <80227>;;;;;;;;
GRGEMAKT-80228;Mittelberg <80228>;;;;;;;;
GRGEMAKT-80229;Möggers <80229>;;;;;;;;
GRGEMAKT-80230;Reuthe <80230>;;;;;;;;
GRGEMAKT-80231;Riefensberg <80231>;;;;;;;;
GRGEMAKT-80232;Schnepfau <80232>;;;;;;;;
GRGEMAKT-80233;Schoppernau <80233>;;;;;;;;
GRGEMAKT-80234;Schröcken <80234>;;;;;;;;
GRGEMAKT-80235;Schwarzach <80235>;;;;;;;;
GRGEMAKT-80236;Schwarzenberg <80236>;;;;;;;;
GRGEMAKT-80237;Sibratsgfäll <80237>;;;;;;;;
GRGEMAKT-80238;Sulzberg <80238>;;;;;;;;
GRGEMAKT-80239;Warth <80239>;;;;;;;;
GRGEMAKT-80240;Wolfurt <80240>;;;;;;;;
GRGEMAKT-80301;Dornbirn <80301>;;;;;;;;
GRGEMAKT-80302;Hohenems <80302>;;;;;;;;
GRGEMAKT-80303;Lustenau <80303>;;;;;;;;
GRGEMAKT-80401;Altach <80401>;;;;;;;;
GRGEMAKT-80402;Düns <80402>;;;;;;;;
GRGEMAKT-80403;Dünserberg <80403>;;;;;;;;
GRGEMAKT-80404;Feldkirch <80404>;;;;;;;;
GRGEMAKT-80405;Frastanz <80405>;;;;;;;;
GRGEMAKT-80406;Fraxern <80406>;;;;;;;;
GRGEMAKT-80407;Göfis <80407>;;;;;;;;
GRGEMAKT-80408;Götzis <80408>;;;;;;;;
GRGEMAKT-80409;Klaus <80409>;;;;;;;;
GRGEMAKT-80410;Koblach <80410>;;;;;;;;
GRGEMAKT-80411;Laterns <80411>;;;;;;;;
GRGEMAKT-80412;Mäder <80412>;;;;;;;;
GRGEMAKT-80413;Meiningen <80413>;;;;;;;;
GRGEMAKT-80414;Rankweil <80414>;;;;;;;;
GRGEMAKT-80415;Röns <80415>;;;;;;;;
GRGEMAKT-80416;Röthis <80416>;;;;;;;;
GRGEMAKT-80417;Satteins <80417>;;;;;;;;
GRGEMAKT-80418;Schlins <80418>;;;;;;;;
GRGEMAKT-80419;Schnifis <80419>;;;;;;;;
GRGEMAKT-80420;Sulz <80420>;;;;;;;;
GRGEMAKT-80421;Übersaxen <80421>;;;;;;;;
GRGEMAKT-80422;Viktorsberg <80422>;;;;;;;;
GRGEMAKT-80423;Weiler <80423>;;;;;;;;
GRGEMAKT-80424;Zwischenwasser <80424>;;;;;;;;
GRGEMAKT-90101;Wien 1.,Innere Stadt <90101>;;;;;;;;
GRGEMAKT-90201;Wien 2.,Leopoldstadt <90201>;;;;;;;;
GRGEMAKT-90301;Wien 3.,Landstraße <90301>;;;;;;;;
GRGEMAKT-90401;Wien 4.,Wieden <90401>;;;;;;;;
GRGEMAKT-90501;Wien 5.,Margareten <90501>;;;;;;;;
GRGEMAKT-90601;Wien 6.,Mariahilf <90601>;;;;;;;;
GRGEMAKT-90701;Wien 7.,Neubau <90701>;;;;;;;;
GRGEMAKT-90801;Wien 8.,Josefstadt <90801>;;;;;;;;
GRGEMAKT-90901;Wien 9.,Alsergrund <90901>;;;;;;;;
GRGEMAKT-91001;Wien 10.,Favoriten <91001>;;;;;;;;
GRGEMAKT-91101;Wien 11.,Simmering <91101>;;;;;;;;
GRGEMAKT-91201;Wien 12.,Meidling <91201>;;;;;;;;
GRGEMAKT-91301;Wien 13.,Hietzing <91301>;;;;;;;;
GRGEMAKT-91401;Wien 14.,Penzing <91401>;;;;;;;;
GRGEMAKT-91501;Wien 15.,Rudolfsheim-Fünfhaus <91501>;;;;;;;;
GRGEMAKT-91601;Wien 16.,Ottakring <91601>;;;;;;;;
GRGEMAKT-91701;Wien 17.,Hernals <91701>;;;;;;;;
GRGEMAKT-91801;Wien 18.,Währing <91801>;;;;;;;;
GRGEMAKT-91901;Wien 19.,Döbling <91901>;;;;;;;;
GRGEMAKT-92001;Wien 20.,Brigittenau <92001>;;;;;;;;
GRGEMAKT-92101;Wien 21.,Floridsdorf <92101>;;;;;;;;
GRGEMAKT-92201;Wien 22.,Donaustadt <92201>;;;;;;;;
GRGEMAKT-92301;Wien 23.,Liesing <92301>;;;;;;;;
GRGEMAKT-90001;Wien <90001>;;;;;;;;
GRGEMAKT-0;Nicht klassifizierbar <0>;;;;;;;;
